EngGamename,Serial,crc
10-Pin Bowling (Europe),CGB-AXPP-EUR,5449CAC0
10-Pin Bowling (USA) (Rumble Version),CGB-VP9E-USA,720C7023
102 Dalmatas - Cachorros Al Rescate (Spain),CGB-B99P-EUR,F2128908
102 Dalmatiens a la Rescousse| Les (France),CGB-B99P-EUR,E84191A8
102 Dalmatiner (Germany),CGB-B99P-EUR,725A3483
3-D Ultra Pinball - Thrillride (USA) (Rumble Version),CGB-VUPE-USA,1766E558
4x4 World Trophy (Europe) (En|Fr|De|Es|It),DMG-AQ3P,F62AD75E
Adventures of Elmo in Grouchland| The (Europe),DMG-AELP-EUR,41228EE7
Adventures of Elmo in Grouchland| The (USA),DMG-AELE-USA,2C4C2A5F
Adventures of the Smurfs| The (Europe) (En|Fr|De|Es|It|Nl),CGB-BSFP-UKV-1,D0D3DFED
AirForce Delta (Japan),CGB-BDLJ-JPN,5DFFF5E2
AirForce Delta (USA),CGB-BDLE-USA,FF31CC92
Aladdin (Europe) (En|Fr|De|Es|It|Nl),CGB-BADP-EUR,446573CD
Aladdin (USA),CGB-BADE-USA,A91EC059
Alfred's Adventure (Europe) (En|Fr|De|Es|It),CGB-BAAP-EUR,6F9EF15E
Alice in Wonderland (Europe) (En|Fr|De|Es),CGB-AIWP-EUR,85545D81
Alice in Wonderland (USA),CGB-AIWE-USA,3199F65F
All Star Tennis 2000 (Europe),DMG-AZTP-EUR,952B94E5
All-Star Baseball 2001 (USA),CGB-BASE-USA,BC562466
Alone in the Dark - The New Nightmare (Europe) (En|Fr|De|Es|It|Nl),CGB-BIDP-EUR,7FF2042F
Alone in the Dark - The New Nightmare (USA) (En|Fr|Es),CGB-BIDE-USA,C145C036
Animal Breeder 3 (Japan) (SGB Enhanced),DMG-AA3J-JPN,C62A4C30
Animal Breeder 4 (Japan),CGB-A4AJ-JPN,83D838C3
Animastar GB (Japan),CGB-BNMJ-JPN,B14920F0
Animorphs (Europe) (En|Fr|De|Es|It),CGB-BAMP-EUR,7FD46DA1
Animorphs (USA),CGB-BAME-USA,B4F293CC
Anpfiff - Der RTL Fussball-Manager (Germany),CGB-BFB,B54D264A
Antz (Europe) (En|Fr|De|Es|It|Nl),DMG-ANXP,4839E0C1
Antz (USA) (En|Fr|Es),DMG-ANXE-USA,DC0BE439
Antz Racing (Europe) (En|Fr|De|Es|It|Nl),CGB-BAZP-EUR,F625A959
Antz Racing (USA) (En|Fr|De|Es|It|Nl),CGB-BAZE-USA,DFDF90C0
Aqualife (Japan) (SGB Enhanced),DMG-AALJ-JPN,E243FEB4
Arle no Bouken - Mahou no Jewel (Japan) (SGB Enhanced),DMG-BRBJ-JPN,8EE043EA
Armada - FX Racers (USA),CGB-BARE-USA,D952CBAB
Arthur's Absolutely Fun Day! (USA),CGB-BFDE-USA,F03599A3
Asterix & Obelix (Europe) (En|Fr|De|Es),CGB-AOLP,6628CDEE
Asterix & Obelix vs Caesar (Europe) (En|Fr|De|Es|Nl),DMG-BAOP,71043D76
Atsumete Asobu Kuma no Pooh-san - Mori no Takaramono (Japan),CGB-BPUJ-JPN,476EDE93
Austin Powers - Oh| Behave! (Europe) (En|Fr|De|Es|It),CGB-BAPP-EUR,BF99F8CB
Austin Powers - Oh| Behave! (USA),CGB-BAPE-USA,BB89190E
Austin Powers - Welcome to my Underground Lair! (USA),CGB-BEAE-USA,ABA42B78
Aventures de Buzz l'Eclair| Les (France),CGB-BUZP-EUR,841674B0
Azarashi Sentai Inazuma - Dokidoki Daisakusen! (Japan),CGB-BOAJ-JPN,98F63BD4
Azure Dreams (Europe) (En|Fr|De) (SGB Enhanced),DMG-AAYP-EUR,F9CCAB09
Azure Dreams (USA) (SGB Enhanced),DMG-AAZE-USA,71D52876
B-Daman Bakugaiden - Victory e no Michi (Japan) (SGB Enhanced),DMG-AOKJ-JPN,DDCE76D6
B-Daman Bakugaiden V - Final Mega Tune (Japan),CGB-AJRJ-JPN,547A9A69
Babe and Friends (Europe) (En|Fr|De|Es|It),DMG-AVAP,B3681854
Babe and Friends (USA),DMG-AVAE-USA,E25407F1
Baby Felix - Halloween (Europe) (En|Fr|De|Es|It|Nl),CGB-BFHP-EUR,7DED5C71
Backgammon (Europe) (En|Fr|De|Es),DMG-AAKP-EUR,D33D6F7B
Backgammon (Japan),DMG-AAKJ-JPN,712A49B3
Bad Badtz-Maru Robo Battle (Japan),CGB-BBRJ-JPN,4DD29B09
Bakukyuu Renpatsu!! Super B-Daman - Gekitan! Rising Valkyrie!! (Japan) (SGB Enhanced),DMG-A4RJ-JPN,5C95D5A2
Bakusou Dekotora Densetsu GB Special - Otoko Dokyou no Tenka Touitsu (Japan),CGB-BDBJ-JPN,92C8B9B5
Bakusou Senki Metal Walker GB - Koutetsu no Yuujou (Japan),DMG-AUEJ-JPN,D514C9A0
Bakuten Shoot Beyblade (Japan),CGB-BB3J-JPN,BC306EA4
Ballistic (USA),DMG-ALIE-USA,A9050F72
Balloon Fight GB (Japan) (NP| SGB Enhanced),DMG-BSJ-JPN,D2AF64CE
Barbie - Aventura Submarina (Spain),DMG-ADYP-EUR,0CF2B7F2
Barbie - Avventure nell'Oceano (Italy),DMG-ADYP-EUR,59645A18
Barbie - Chasse au Tresor Sous-Marine (France),DMG-ADYP-EUR,4068E981
Barbie - Diepzee Avontuur (Netherlands),DMG-ADYP-EUR,39C6B8DF
Barbie - Magic Genie Adventure (USA),CGB-BMCE-USA,57F1A202
Barbie - Meeres Abenteuer (Germany),DMG-ADYP-EUR,5E46D64A
Barbie - Ocean Discovery (Europe),DMG-ADYP-EUR,FDC8E7F1
Barbie - Ocean Discovery (USA),DMG-ADYE-USA,746936C6
Barbie - Pet Rescue (Europe) (En|Fr|De|Es|It),CGB-BPEP-EUR,48E638CE
Barbie - Pet Rescue (USA),CGB-BPEE-USA,1FC972CC
Barcode Taisen Bardigun (Japan) (SGB Enhanced),DMG-ABEJ-JPN,DDFCF4B7
Batman Beyond - Return of the Joker (USA),CGB-BTKE-USA,B32F4586
Batman of the Future - Return of the Joker (Europe) (En|Fr|De),CGB-BTKP-EUR,F9D5B399
Battle Fishers (Japan),CGB-BBAJ-JPN,C99CF3C5
BattleTanx (Europe) (En|Fr|De),CGB-AVNP,2FCECB70
BattleTanx (USA),CGB-AVNE-USA,4431F8E7
Beach'n Ball (Europe) (En|Fr|De|Es|It),CGB-BVBP-EUR,82D1A721
Bear in the Big Blue House (Europe) (En|Fr|De|Es|It|Nl),CGB-BBNP-EUR,48C99939
Bear in the Big Blue House (USA) (En|Fr|De|Es|It|Nl),CGB-BB7E-USA,851C8710
Beatmania GB (Japan) (SGB Enhanced),DMG-AOOJ-JPN,0D9CB195
Beatmania GB - Gotcha Mix 2 (Japan),CGB-B3GJ-JPN,B92A6D16
Beatmania GB2 - Gotcha Mix (Japan) (SGB Enhanced),DMG-A2GJ-JPN,59BEB372
Beauty and the Beast - A Board Game Adventure (Europe) (En|Fr|De|Es|It) (SGB Enhanced),DMG-AVUP-EUR,E4C410F0
Beauty and the Beast - A Board Game Adventure (USA) (SGB Enhanced),DMG-AVUE-USA,6DE1D581
Benjamin Bluemchen - Ein verrueckter Tag im Zoo (Germany),CGB-BB5D-NOE,51972995
Beyblade - Fighting Tournament (Japan),CGB-BBVJ-JPN,1EC9DB95
Bibi und Tina - Fohlen Felix in Gefahr (Germany),CGB-BFED-NOE,8874ACD4
Bikkuriman 2000 - Charging Card GB (Japan) (SGB Enhanced),DMG-BC2J-JPN,5BE2517C
Biohazard Gaiden (Japan),CGB-BIOJ-JPN,C2531D36
Black Onyx| The (Japan),CGB-BBOJ-JPN,582FE338
Blue's Clues - Blue's Alphabet Book (USA),CGB-BALE-USA,748D1345
Boarder Zone (USA),CGB-AXWE-USA,A7152869
Bob the Builder - Fix it Fun! (Europe) (En|Fr|De|Es|Nl),CGB-BOBP-EUR,EA33FE3D
Bob the Builder - Fix it Fun! (Europe) (En|Fr|It),CGB-BOBP-EUR,A8EBD88B
Bob the Builder - Fix it Fun! (Europe) (En|Sv|No|Da|Fi),CGB-BOBP-EUR,F319E823
Bob the Builder - Fix it Fun! (USA),CGB-BOBE-USA,93FA37BD
Boku no Camp-jou (Japan),CGB-BDPJ-JPN,C87120B5
Bokujou Monogatari GB2 (Japan),DMG-A37J-JPN,EE993302
Bokujou Monogatari GB3 - Boy Meets Girl (Japan),CGB-BWAJ-JPN,3A18B41F
Bomber Man Max - Hikari no Yuusha (Japan),CGB-A8BJ-JPN,7A44CE88
Bomber Man Max - Yami no Senshi (Japan),CGB-A7BJ-JPN,48B60E8E
Bomberman Max - Blue Champion (USA),CGB-A8BE-USA,5CCB66CF
Bomberman Max - Red Challenger (USA),CGB-A7BE-USA,4853F586
Bomberman Quest (Europe) (En|Fr|De) (SGB Enhanced),DMG-AQVP-EUR,5A9B9AE6
Bomberman Quest (USA) (SGB Enhanced),DMG-AVQE-USA,A089C656
Brave Saga - Shinshou Astaria (Japan),CGB-BBSJ-JPN,5D5D294A
Bug's Life| A (Europe) (SGB Enhanced),DMG-APXP-EUR,DB93E0F6
Bug's Life| A (USA) (SGB Enhanced),DMG-APXE-USA,8360047A
Bugs Bunny & Lola Bunny - Operation Carrots (Europe) (En|Fr|De|Es|It|Nl),DMG-ABLP-EUR,F0CC407F
Bugs Bunny - Crazy Castle 3 (Japan),DMG-AB6J-JPN,AE839CAE
Bugs Bunny et le Chateau des Catastrophes (France),CGB-AO4P-EUU,6DA8E6EB
Bugs Bunny in Crazy Castle 4 (Europe),CGB-AO4P-EUU,53155E60
Bugs Bunny in Crazy Castle 4 (Japan),CGB-AO4J-JPN,D6387EAA
Bugs Bunny in Crazy Castle 4 (USA),CGB-AO4E-USA,98DBFFE0
Burai Senshi Color (Japan),CGB-AZYJ-JPN,E52FBD12
Burger Burger Pocket (Japan) (SGB Enhanced),DMG-ABNJ-JPN,1ABCEDBE
Burger Paradise International (Japan),CGB-AEYJ-JPN,9092B0EB
Cannon Fodder (Europe) (En|Fr|De|Es|It),CGB-BCFP-EUR,824C3BF3
Cannon Fodder (USA) (En|Fr|De|Es|It),CGB-BCFE-USA,26F8E1A0
Captain Buzz Lightyear - Star Command (Germany),CGB-BUZP-EUR,F06D296C
Cardcaptor Sakura - Itsumo Sakura-chan to Issho (Japan),DMG-AM7J-JPN,89BA58ED
Cardcaptor Sakura - Itsumo Sakura-chan to Issho (Japan) (Rev A),DMG-AM7J-JPN,43F28E22
Cardcaptor Sakura - Itsumo Sakura-chan to Issho (Japan) (Rev B),DMG-AM7J-JPN,7243E258
Cardcaptor Sakura - Tomoeda Shougakkou Daiundoukai (Japan),CGB-BS7J-JPN,F78F7998
Carl Lewis Athletics 2000 (Europe) (En|Fr|De|Es|It|Nl),CGB-BCLP-EUR,15430979
Carmageddon - Carpocalypse Now (Germany),CGB-AKWD-NOE,B447BC06
Casper (Europe) (En|Es|It),CGB-AF9P-EUR,DAEFE53C
Casper (Europe) (En|Fr|De),CGB-AF9P-EUR,E6B9F155
Casper (USA),CGB-AF9E-USA,C775D653
Catwoman (Europe),CGB-A3CP-EUR,41E78645
Catwoman (USA),CGB-A3CE-USA,12F0C196
Catz - Your Virtual Petz Palz (Europe),CGB-AZCP-EUR,099D6555
Catz - Your Virtual Petz Palz (USA),CGB-AZCE-USA,769A2C5A
Centipede (Europe) (En|Fr|De|Es|It|Nl),DMG-AC5P-EUR,255DB8BE
Centipede (USA),DMG-AC5E-USA,13AD07B1
Chase H.Q. - Secret Police (Europe) (SGB Enhanced),DMG-AH9P-EUR,CFDF816B
Chase H.Q. - Secret Police (USA) (SGB Enhanced),DMG-AH9E-USA,7C7FDEFC
Checkmate (Japan) (En|Ja),DMG-ACZJ-JPN,1AAB415D
Chee-Chai Alien (Japan) (Rumble Version),CGB-VCAJ-JPN,9E988FFE
Chi to Ase to Namida no Koukou Yakyuu (Japan),CGB-BBJJ-JPN,3C39BCAB
Chibi Maruko-chan - Go Chounai Minna de Game Da yo! (Japan),CGB-BCNJ-JPN,20FAA0D1
Chiki Chiki Machine Mou Race (Japan),CGB-AW9J-JPN,36C04BE0
Choro Q - Hyper Customable GB (Japan) (SGB Enhanced),DMG-ACQJ-JPN,65610CA4
Classic Bubble Bobble (Europe) (SGB Enhanced),DMG-AVWP-EUR,A0F66D87
Classic Bubble Bobble (USA) (SGB Enhanced),DMG-AVWE-USA,C1B22246
Colin McRae Rally (Europe),CGB-BCOP-EUR,E93AF9C8
Columns GB - Tezuka Osamu Characters (Japan) (SGB Enhanced),DMG-AOYJ-JPN,FBE5DE37
Command Master (Japan),CGB-KCEJ-JPN,D10B5645
Cool Bricks (Europe) (En|Fr|De|Es|It),CGB-BOGP-EUR,04FE7790
Cool Hand (Europe) (En|Fr|De),DMG-ACWP-EUR,E6C91FB8
Crazy Bikers (Europe),CGB-AMHP-EUR,53E02B87
Cross Country Racing (Europe) (En|Fr|De) (SGB Enhanced),DMG-ARLP-EUR,B7B91FE9
Cross Hunter - Monster Hunter Version (Japan),CGB-BC8J-JPN,48E1BA7D
Cross Hunter - Treasure Hunter Version (Japan),CGB-BC7J-JPN,623C1516
Cross Hunter - X Hunter Version (Japan),CGB-BC9J-JPN,858010E0
Cruis'n Exotica (USA),CGB-BXOE-USA,9562E7E8
Crystalis (USA),CGB-AYJE-USA,909BB02D
Cubix - Robots for Everyone - Race 'n Robots (USA) (En|Fr|De|Es|It),CGB-BCXE-USA,9F883B0F
Cyborg Kuro-chan - Devil Fukkatsu (Japan),CGB-BSKJ-JPN,392D630F
Cyborg Kuro-chan 2 - White Woods no Gyakushuu (Japan),CGB-BSBJ-JPN,E86BF12E
DT - Lords of Genomes (Japan) (SGB Enhanced),DMG-BBDJ-JPN,42CEB854
DX Jinsei Game (Japan),CGB-BZGJ-JPN,7E15B3DD
DX Monopoly GB (Japan) (SGB Enhanced),DMG-BMPJ-JPN,3F1E076C
Daa! Daa! Daa! - Totsuzen Card de Battle de Uranai de! (Japan),CGB-BDOJ-JPN,F41BB392
Daffy Duck - Subette Koron de Oogane Mochi (Japan),DMG-AD7J-JPN,5B4507D9
Daikaijuu Monogatari - Poyon no Dungeon Room (Japan) (SGB Enhanced),DMG-ADZJ-JPN,2F368DA6
Daikaijuu Monogatari - Poyon no Dungeon Room 2 (Japan),DMG-ADZJ-JPN,5E312730
Daikaijuu Monogatari - The Miracle of the Zone II (Japan) (SGB Enhanced),DMG-AM6J-JPN,692D6794
Daiku no Gen-san - Kachikachi no Tonkachi ga Kachi (Japan) (SGB Enhanced),DMG-BGNJ-JPN,E2071293
Dance Dance Revolution GB (Japan),CGB-BDGJ-JPN,C64FF2B6
Dance Dance Revolution GB - Disney Mix (Japan),CGB-BD7J-JPN,B31A59BF
Dance Dance Revolution GB2 (Japan),CGB-BD2J-JPN,565FEC36
Dance Dance Revolution GB3 (Japan),DMG-BD6J-JPN,58F26F36
Dancing Furby (Japan),DMG-BFBJ-JPN,3263F692
Data-Navi Pro Yakyuu (Japan),CGB-A89J-JPN,C958AD75
Data-Navi Pro Yakyuu 2 (Japan),CGB-B8QJ-JPN,96071AD0
David Beckham Soccer (Europe) (En|Fr|De|Es|It),CGB-BJ2P-EUR,753BDCE4
Deadly Skies (Europe) (En|Fr|De),CGB-BDLP-EUR,402DE378
Dear Daniel no Sweet Adventure - Kitty-chan o Sagashite (Japan) (SGB Enhanced),DMG-BSAJ-JPN,0FD34427
Deer Hunter (USA),CGB-AXHE-USA,40A715FB
Deja Vu I & II - The Casebooks of Ace Harding (Japan),CGB-ADTJ-JPN,BAF2CC96
Deja Vu I & II - The Casebooks of Ace Harding (USA),CGB-ADTE-USA,AD0937F4
Dejiko no Mahjong Party (Japan),CGB-BQSJ-JPN,C5501FCE
Densha de Go! (Japan),CGB-A72J-JPN,14375072
Densha de Go! 2 (Japan),CGB-B82J-JPN,B72603FC
Dino Breeder 3 - Gaia Fukkatsu (Japan) (SGB Enhanced),DMG-AD3J-JPN,D9F071BB
Dino Breeder 4 (Japan) (SGB Enhanced),DMG-A4DJ-JPN,B0106777
Diva Starz - Mall Mania (USA),CGB-BD8E-USA,EBE0ECD6
Dogz - Your Virtual Petz Palz (USA),CGB-AOZE-USA,A8397183
Dokapon! - Millennium Quest (Japan) (SGB Enhanced),DMG-BDKJ-JPN,4FE9E966
Doki x Doki Sasete!! (Japan),CGB-BP6J-JPN,19A73F60
Dokidoki Densetsu - Mahoujin Guruguru (Japan),CGB-B96J-JPN,83E47A1A
Donald Duck - Daisy o Sukue! (Japan),CGB-BUDJ-JPN,333C124C
Donald Duck - Goin' Quackers (USA) (En|Fr|De|Es|It),CGB-BQAE-USA,4685909B
Donald Duck - Quack Attack (Europe) (En|Fr|De|Es|It),CGB-BQAP-EUR,07A13B5B
Donkey Kong 2001 (Japan),CGB-BDDJ-JPN,CB065EBA
Donkey Kong GB - Dinky Kong & Dixie Kong (Japan),CGB-AD3J-JPN,28D7E8D3
Doraemon - Aruke Aruke Labyrinth (Japan),CGB-ADAJ-JPN,F6D79A79
Doraemon - Kimi to Pet no Monogatari (Japan),DMG-BRDJ-JPN,2FA46211
Doraemon Kart 2 (Japan) (SGB Enhanced),DMG-ADOJ-JPN,CF1A2038
Doraemon Memories - Nobita no Omoide Daibouken (Japan),DMG-BDMJ-JPN,D187CEC4
Doraemon no Quiz Boy (Japan),CGB-BQBJ-JPN,3BBF9EA8
Doraemon no Quiz Boy (Japan) (Rev A),CGB-BQBJ-JPN,915356E3
Doraemon no Quiz Boy 2 (Japan),CGB-BQ7J-JPN,9E80199A
Doraemon no Study Boy - Gakushuu Kanji Game (Japan),CGB-BGKJ-JPN,67413F65
Doraemon no Study Boy - Kanji Yomikaki Master (Japan),CGB-BKYJ-JPN,70156DA7
Doraemon no Study Boy - Kuku Game (Japan),CGB-BQQJ-JPN,A8A353D8
Doug - La Grande Aventure (France),CGB-BDUD-NOE,A9E62F1A
Doug's Big Game (Europe),CGB-BDUD-NOE,B6FFBCCA
Doug's Big Game (Germany),CGB-BDUD-NOE,5DC254D1
Doug's Big Game (USA),CGB-BDUE-USA,08E3D065
Dr. Rin ni Kiitemite! - Koi no Rin Fuusui (Japan),CGB-BDFJ-JPN,EC168A61
Dracula - Crazy Vampire (USA),CGB-BUAE-USA,283742E4
Dragon Ball Z - Densetsu no Chou Senshi-tachi (Japan),CGB-BBZJ-JPN,7D28689A
Dragon Ball Z - Guerreros de Leyenda (Spain),CGB-BBZP-EUR,9DAD6E23
Dragon Ball Z - I Leggendari Super Guerrieri (Italy),CGB-BBZP-EUR,A888A049
Dragon Ball Z - Legendaere Superkaempfer (Germany),CGB-BBZP-EUR,EC7DFDC1
Dragon Ball Z - Legendary Super Warriors (Europe),CGB-BBZP-EUR,7BF836DB
Dragon Ball Z - Legendary Super Warriors (USA),CGB-BBZE-USA,025AA88A
Dragon Ball Z - Les Guerriers Legendaires (France),CGB-BBZP-EUR,C07E9438
Dragon Dance (USA) (SGB Enhanced),DMG-BDAE-USA,0602DBE1
Dragon Quest I & II (Japan) (SGB Enhanced),DMG-AEDJ-JPN,A053B42E
Dragon Quest III - Soshite Densetsu e... (Japan),CGB-BD3J-JPN,21078C16
Dragon Quest Monsters (Germany) (SGB Enhanced),DMG-AWQP-EUR,2A82B63B
Dragon Quest Monsters - Terry no Wonderland (Japan) (Rev A) (SGB Enhanced),DMG-ADQJ-JPN,D263D88D
Dragon Quest Monsters - Terry no Wonderland (Japan) (SGB Enhanced),DMG-ADQJ-JPN,4702C4F1
Dragon Quest Monsters 2 - Maruta no Fushigi na Kagi - Iru no Bouken (Japan) (SGB Enhanced),DMG-BQIJ-JPN,68BA18D7
Dragon Quest Monsters 2 - Maruta no Fushigi na Kagi - Ruka no Tabidachi (Japan) (SGB Enhanced),DMG-BQLJ-JPN,2C428A87
Dragon Tales - Dragon Adventures (USA),CGB-BDWE-USA,DE390609
Dragon Tales - Dragon Wings (USA),CGB-BDZE-USA,191D31EC
Dragon Warrior I & II (USA) (SGB Enhanced),DMG-AEDE-USA,71D693DA
Dragon Warrior III (USA),CGB-BD3E-USA,0FD9C59C
Dragon Warrior Monsters 2 - Cobi's Journey (USA) (SGB Enhanced),DMG-BQLE-USA,AB7BFDD5
Dragon Warrior Monsters 2 - Tara's Adventure (USA) (SGB Enhanced),DMG-BQIE-USA,35EC5FB2
Driver (Europe) (En|Fr|De|Es|It),CGB-BDRP-EUR,E9E67403
Driver - You are the Wheelman (USA) (En|Fr|De|Es|It),CGB-BDRE-USA,D4C7F6DF
Dropzone (Europe),DMG-AD4P-EUR,1E71B67E
Duke Nukem (Europe) (En|Fr|De|Es|It),CGB-ADIP-EUR,FC3D1BB7
Duke Nukem (USA) (En|Fr|De|Es|It),CGB-ADIE-USA,846FC830
Dukes of Hazzard| The - Racing for Home (USA),CGB-BDCE-USA,FB08DCEB
Dungeon Savior (Japan) (SGB Enhanced),DMG-ADWJ-JPN,2BCB5F78
E.T. - The Extra-Terrestrial - Digital Companion (USA),CGB-BETE-USA,84872999
E.T. - The Extra-Terrestrial - Escape from Planet Earth (USA),CGB-BERE-USA,086106DE
E.T. - The Extra-Terrestrial and the Cosmic Garden (Europe) (En|Fr|De|Es|It|Nl),CGB-BEOP-EUR,8321A1B9
E.T. - The Extra-Terrestrial and the Cosmic Garden (USA),CGB-BEOE-USA,32C87958
ESPN International Track & Field (USA),CGB-B3HE-USA,4005D541
ESPN National Hockey Night (USA),CGB-BT4E-USA,600F61F9
Elevator Action EX (Europe) (En|Fr|De|Es|It),CGB-BEXP-EUR,2154763C
Elevator Action EX (Japan),CGB-BEXJ-JPN,B70C4DDB
Elie no Atelier GB (Japan) (SGB Enhanced),DMG-A8EJ-JPN,7967320E
Elmo's 123s (Europe),DMG-AE3P-EUR,3BF7FCD4
Elmo's 123s (USA),DMG-AE3E-USA,1833FB38
Elmo's ABCs (Europe),DMG-AEAP-EUR,20158FBC
Elmo's ABCs (USA),DMG-AEAE-USA,CC1FB2A9
Emperor's New Groove| The (Europe) (En|Fr|De|Es|It),CGB-BENP-EUR,4CAA8CD0
Emperor's New Groove| The (USA),CGB-BENE-USA,6EBAD539
Estpolis Denki - Yomigaeru Densetsu (Japan),CGB-BCLJ-JPN,54617416
Evel Knievel (Europe) (En|Fr|De|Es|It|Nl|Sv),DMG-AEVP-EUR,DFD6A908
Evel Knievel (USA),DMG-AEVE-USA,51E951B5
F-1 World Grand Prix (Europe) (En|Fr|De|Es),CGB-AFIP-EUR,8D9A9182
F.A. Premier League Stars 2001| The (Europe),CGB-BSJP-UKV,5E3844FB
F1 Racing Championship (Europe) (En|Fr|De|Es|It),CGB-AEQP-EUR,E115DDB1
F1 World Grand Prix II for Game Boy Color (Europe) (En|Fr|De|Es),CGB-BF2P-EUR,EEF4A20B
F1 World Grand Prix II for Game Boy Color (Japan) (En|Ja),CGB-BF2J-JPN,28453467
F1 World Grand Prix II for Game Boy Color (USA) (En|Fr|De|Es),CGB-BF2E-USA,482E10C5
Fairy Kitty no Kaiun Jiten - Yousei no Kuni no Uranai Shugyou (Japan) (Rev A) (SGB Enhanced),DMG-AFUJ-JPN,C4D3628F
Fairy Kitty no Kaiun Jiten - Yousei no Kuni no Uranai Shugyou (Japan) (SGB Enhanced),DMG-AFUJ-JPN,B59A51C4
Ferret Monogatari (Japan),CGB-BBIJ-JPN,8B742FB5
Fish Files| The (Europe) (En|Fr|De|Es|It),CGB-BFQP-EUR,D6ABC1F8
Flintstones| The - Burgertime in Bedrock (USA),CGB-BFSE-USA,14D8CC5D
Flipper & Lopaka (Europe) (En|Fr|De|Es|It|Nl|Pt|Sv|No|Da),CGB-BFLP-EUR,08B9E4AA
Force 21 (USA) (En|Fr|De),CGB-BFCE-USA,2DCD0A0A
Formula One 2000 (USA),CGB-BFME-USA,703C057F
Fort Boyard (Europe) (En|Fr|De|Es|It|Nl|Pt),CGB-BYDP-EUR,06C8E50A
Freestyle Scooter (Europe),CGB-BRZP-EUR,EE79117D
Frogger (Europe) (En|Fr|De|Es|It|Nl),DMG-AFRP-EUR,B6BF0672
Frogger (USA),DMG-AFRE-USA,AF46EA77
Frogger (USA) (Rev A),DMG-AFRE-USA,BA907064
Frogger (USA) (Rev B),DMG-AFRE-USA,D9A22E5D
Frogger 2 (USA),CGB-BH2E-USA,6A2666AA
From TV Animation One Piece - Maboroshi no Grand Line Boukenki! (Japan) (SGB Enhanced),DMG-BZOJ-JPN,A7317BB8
From TV Animation One Piece - Yume no Luffy Kaizokudan Tanjou! (Japan) (Rev A) (SGB Enhanced),DMG-BLUJ-JPN,A4DDE805
From TV Animation One Piece - Yume no Luffy Kaizokudan Tanjou! (Japan) (SGB Enhanced),DMG-BLUJ-JPN,C693AA37
Front Line - The Next Mission (Japan),CGB-BRFJ-JPN,F48E1643
Front Row (Japan),CGB-AZDJ-JPN,6EEA9243
Fushigi no Dungeon - Fuurai no Shiren GB2 - Sabaku no Majou (Japan),CGB-AFMJ-JPN,2C97E90F
GB Harobots (Japan),CGB-BHRJ-JPN,1C0368FA
GB Karan Koron Gakuen - Hanafuda Mahjong (Japan),CGB-AHFJ-JPN,AABA1EA4
Gaiamaster Duel - Card Attackers (Japan),CGB-BGIJ-JPN,78206460
Gakkyuu Ou Yamazaki (Japan) (Rev A),DMG-AYMJ-JPN,EF2CFD99
Galaga - Destination Earth (USA),CGB-BGGE-USA,E3C4ABC6
Gambler Densetsu Tetsuya - Shinjuku Tenun Hen (Japan),CGB-BGYJ-JPN,28356950
Game Boy Gallery 3 (Australia) (SGB Enhanced),DMG-AGLU-AUS,6935FEA1
Game Boy Gallery 3 (Japan) (SGB Enhanced),DMG-AGQJ-JPN,149F807E
Game Boy Gallery 4 (Australia) (SGB Enhanced),DMG-AGQU-AUS,2549FDDE
Game Boy Wars 2 (Japan) (SGB Enhanced),DMG-AWOJ-JPN,559EDB5E
Game Boy Wars 3 (Japan),CGB-BWWJ-JPN,30C26262
Game Conveni 21 (Japan),DMG-BG2J-JPN,994314B3
Ganbare Goemon - Seikuushi Dynamites Arawaru!! (Japan),CGB-BEKJ-JPN,2EA8D9D4
Ganbare Goemon - Tengutou no Gyakushuu (Japan),DMG-AGUJ-JPN,D829EB2F
Ganbare! Nippon! Olympic 2000 (Japan),CGB-B3HJ-JPN,FFD919A7
Geheimnis der Happy Hippo-Insel| Das (Germany),CGB-BHOD-NOE,25B480C3
Gekisou Dangun Racer - Onsoku Buster Dangun Dan (Japan),CGB-BDJJ-JPN,06FCCEFC
Gem Gem Monster (Japan) (SGB Enhanced),DMG-AJYJ-JPN,DE7505C0
Gensou Maden Saiyuuki - Sabaku no Shijin (Japan),CGB-BGSJ-JPN,918A40E7
Get Chuu Club - Minna no Konchuu Daizukan (Japan) (Rumble Version) (SGB Enhanced),DMG-VRKJ-JPN,9EBDB6C6
Gex 3 - Deep Pocket Gecko (USA),CGB-AXGE-USA,85A98C7D
Gift (Europe),CGB-BGFP-EUR,1B0034E8
Gifty (Germany) (En),CGB-BGFP-EUR,B97A8CB8
Glocal Hexcite (Japan) (SGB Enhanced),DMG-AICJ-JPN,F1908391
Gobs of Games (USA) (En|Fr|De),CGB-BFGE-USA,2E61C391
Godzilla - The Series (Europe) (En|Fr|De),DMG-AZIP-EUR,2A073369
Godzilla - The Series (USA) (En|Fr|De),DMG-AZIE-USA,DD716EFE
Godzilla - The Series - Monster Wars (Europe) (En|Fr|De),CGB-BGDP-EUR,A6007CE1
Godzilla - The Series - Monster Wars (USA) (En|Fr|De),CGB-BGDE-USA,E7EBB394
Gold and Glory - The Road to El Dorado (Europe) (En|Fr|De|Es|It|Nl),CGB-BEDP-EUR,B16F1752
Gold and Glory - The Road to El Dorado (USA),CGB-BEDE-USA,B7D49490
Golden Goal (Europe) (En|Fr|De|Es|It|Nl|Sv),DMG-AAFD-NOE,BB9B597D
Golden Goal (Germany) (En|Fr|De|Es|It|Nl|Sv),DMG-AAFD-NOE,14D1ADBE
Golf Daisuki! (Japan) (SGB Enhanced),DMG-AAGJ-JPN,80444A86
Golf Ou (Japan) (SGB Enhanced),CGB-AZAJ-JPN,634B2D43
Golf de Ohasuta (Japan),DMG-AOHJ-JPN,38273BDD
Gonta no Okiraku Daibouken (Japan),CGB-B54J-JPN,E45E99D2
Goraku Ou Tango! (Japan),DMG-AOEJ-JPN,81FB43E1
Grand Theft Auto (Europe) (En|Fr|De|Es|It),DMG-AOAP-EUR,25BA9231
Grand Theft Auto (USA),DMG-AOAE-USA,924DE366
Grand Theft Auto 2 (Europe) (En|Fr|De|Es|It),CGB-BGTP-EUR,AD563BD9
Grand Theft Auto 2 (USA),CGB-BGAE-USA,68610203
Grandia - Parallel Trippers (Japan),CGB-BGEJ-JPN,23223670
Granduel - Shinki Dungeon no Hihou (Japan),CGB-ADVJ-JPN,D589C501
Great Battle Pocket| The (Japan) (SGB Enhanced),DMG-AGVJ-JPN,B471C095
Gremlins Unleashed (Europe) (En|Fr|De|Es|It|Pt),CGB-BGPP-EUR,053BC315
Grinch (Japan),CGB-BUGJ-JPN,432DC371
Grinch| The (Europe) (En|Fr|De),CGB-BGHP-EUR,9ED6059A
Guruguru Garakutas (Japan) (SGB Enhanced),DMG-AUGJ-JPN,7EAEEEAC
Guruguru Town Hanamaru-kun (Japan),CGB-BHJJ-JPN,03FBFC9E
Gute Zeiten Schlechte Zeiten Quiz (Germany),DMG-BGQD-NOE,5F13A2D4
Gyouten Ningen Batseelor - Doctor Guy no Yabou (Japan),CGB-BB6J-JPN,B17DC263
Halloween Racer (Europe) (En|Fr|De|Es|It|Pt),CGB-AHIP-EUR,70F3B431
Hamster Club (Japan),DMG-AJNJ-JPN,8A4D86A0
Hamster Club - Awasete Chuu (Japan),CGB-BJHJ-JPN,D56D68FF
Hamster Club - Oshiema Chuu (Japan),CGB-BJSJ-JPN,79CEEF4E
Hamster Club 2 (Japan),DMG-BJNJ-JPN,2FB398F9
Hamster Monogatari GB + Magi Ham no Mahou Shoujo (Japan),CGB-B8MJ-JPN,ABD59939
Hamster Paradise 2 (Japan),CGB-BHMJ-JPN,542C78B6
Hamster Paradise 2 (Japan) (Rev A),CGB-BHMJ-JPN,B9E1F3B0
Hamster Paradise 3 (Japan),CGB-BH3J-JPN,14CAC67C
Hamster Paradise 4 (Japan),CGB-BCUJ-JPN,C460DC88
Hamtaro - Ham-Hams Unite! (Europe) (En|Fr|De|Es|It),CGB-B86P-EUR,45BE9D9B
Hamtaro - Ham-Hams Unite! (USA),CGB-B86E-USA,1271117F
Hamunaptra - Ushinawareta Sabaku no Miyako (Japan),CGB-BUMJ-JPN,FF454711
Hana Yori Dango - Another Love Story (Japan),CGB-B87J-JPN,469F0284
Hanasaka Tenshi Tenten-kun no Beat Breaker (Japan) (SGB Enhanced),DMG-AHTJ-JPN,6E988C07
Harley-Davidson Motor Cycles - Race Across America (USA),CGB-BHDE-USA,644BAC84
Harry Potter to Kenja no Ishi (Japan),CGB-BHVJ-JPN,2DA2686A
Harvest Moon 2 GBC (Europe) (SGB Enhanced),DMG-BM2P-EUR,160CA990
Harvest Moon 2 GBC (Germany) (SGB Enhanced),DMG-BM2P-EUR,32A04C29
Harvest Moon 2 GBC (USA) (SGB Enhanced),DMG-BM2E-USA,08906220
Harvest Moon 3 GBC (USA),CGB-BWAE-USA,A0D67417
Harvest Moon GB (Europe) (SGB Enhanced),DMG-AYXP-EUR,C8A6F68A
Harvest Moon GB (Germany) (SGB Enhanced),DMG-AYXP-EUR,D3896652
Harvest Moon GB (USA) (SGB Enhanced),DMG-AYXE-USA,AB5738A1
Hello Kitty no Beads Factory (Japan) (SGB Enhanced),DMG-AHBJ-JPN,12F74CD4
Hello Kitty no Happy House (Japan),CGB-BK7J-JPN,159FE5E7
Hello Kitty no Magical Museum (Japan) (SGB Enhanced),DMG-AHKJ-JPN,F6768930
Hello Kitty no Sweet Adventure - Daniel-kun ni Aitai (Japan) (SGB Enhanced),DMG-BKTJ-JPN,45F4159B
Hello Kitty to Dear Daniel no Dream Adventure (Japan),CGB-BK8J-JPN,018EED29
Hello Kitty's Cube Frenzy (USA),DMG-AF4E-USA,937729F6
Hercules - The Legendary Journeys (Europe) (En|Fr|De|Es|It|Nl),CGB-BHCP-EUR,C0EDE71F
Hero Hero Kun (Japan),CGB-BH9J-JPN,8CABDCA4
Heroes of Might and Magic (USA) (En|Fr|De),CGB-AUHE-USA,BB0672A6
Heroes of Might and Magic II (USA) (En|Fr|De),CGB-BUHE-USA,53156D4D
Hiryuu no Ken - Retsuden GB (Japan),CGB-BKEJ-JPN,BDAE91E8
Hissatsu Pachinko Boy - CR Monster House (Japan),CGB-BHPJ-JPN,70F10315
Hole In One Golf (USA) (Rumble Version) (SGB Enhanced),DMG-VHIE-USA,27A53965
Hollywood Pinball (Europe) (En|Fr|De|It),DMG-AHLP-EUR,8BD1F635
Hollywood Pinball (Japan),DMG-AHNJ-JPN,77D7E5B7
Holy Magic Century (Europe) (En|Fr|De) (SGB Enhanced),DMG-AQTP-EUR,ABD8CEAE
Honkaku Hanafuda GB (Japan),CGB-AH3J-JPN,05DCBD55
Honkaku Shougi - Shougi Ou (Japan) (SGB Enhanced),DMG-AG8J-JPN,3A96E868
Honkaku Taisen Shougi Ayumu (Japan),DMG-AIBJ-JPN,89140949
Honkaku Yonin Uchi Mahjong - Mahjong Ou (Japan) (SGB Enhanced),DMG-AAAJ-JPN,8ED4BBBA
Hoyle Card Games (USA),CGB-BCGE-USA,DD5D3713
Hoyle Casino (USA),CGB-BCSE-USA,413473B0
Hugo 2 1-2 (Germany),DMG-AHOP-NOE,FAB64B18
Hunter X Hunter - Hunter no Keifu (Japan),CGB-BHHJ-JPN,A1361642
Hunter X Hunter - Kindan no Hihou (Japan),CGB-BHKJ-JPN,D23C6A75
Hype - The Time Quest (Europe) (En|Fr|De|Es|It|Nl|Sv|Da),CGB-BHQP-EUR,24846D65
Hyper Olympic - Winter 2000 (Japan),CGB-A3HJ-JPN,A9B8F072
Hyper Olympic Series - Track & Field GB (Japan) (SGB Enhanced),DMG-AHDJ-JPN,77F76EBC
Ide Yousuke no Mahjong Kyoushitsu GB (Japan),CGB-BIMJ-JPN,61DF88CA
Inspector Gadget - Operation Madkactus (Europe) (En|Fr|De|Es|It|Nl),CGB-BIGP-EUR,3390B056
Inspector Gadget - Operation Madkactus (USA),CGB-BIGE-USA,1AF0B489
International Karate 2000 (Europe),CGB-BIKP-EUR,12E00808
International Rally (USA) (SGB Enhanced),DMG-ARLE-USA,B85FD752
International Superstar Soccer 2000 (Europe),CGB-BWSP-EUR,57EA1EC8
International Superstar Soccer 2000 (USA),CGB-BWSE-USA,E8FA7203
International Superstar Soccer 99 (Europe) (SGB Enhanced),DMG-AWZP-EUR,1B76D115
International Superstar Soccer 99 (USA) (SGB Enhanced),DMG-AWZE-USA,9D0290A7
International Track & Field (Europe) (En|Fr|De|It) (SGB Enhanced),DMG-AHDP-EUR,327EC81F
International Track & Field (USA) (SGB Enhanced),DMG-AHDE-USA,803D5D57
It's a World Rally (Japan) (SGB Enhanced),DMG-ARLJ-JPN,39E34650
Itsudemo Pachinko GB - CR Monster House (Japan),DMG-BCRJ-JPN,834091BA
J.League Excite Stage GB (Japan),CGB-AESJ-JPN,B3F38F16
J.League Excite Stage Tactics (Japan),CGB-AJEJ-JPN,558F4631
Jack no Daibouken - Daimaou no Gyakushuu (Japan) (SGB Enhanced),DMG-AQJJ-JPN,CFF5325A
Jagainu-kun (Japan),DMG-B39J-JPN,AEB634C5
Jankyuusei - Cosplay Paradise (Japan),CGB-BHGJ-JPN,D60E1C0A
Janosch - Das grosse Panama-Spiel (Germany),CGB-AJOD-NOE,32C8EE13
Jay und die Spielzeugdiebe (Germany),CGB-BJYD-NOE,73F4F6DA
Jeff Gordon XS Racing (USA),DMG-AJZE-USA,A41ED926
Jet de Go! (Japan),CGB-BJEJ-JPN,20C4CCF6
Jimmy White's Cueball (Europe),CGB-BJWP-EUR,27632F4F
Jinsei Game - Tomodachi Takusan Tsukurou yo! (Japan) (SGB Enhanced),DMG-ACJJ-JPN,C8D46E99
Jisedai Begoma Battle Beyblade (Japan),CGB-AG5J-JPN,9C56977E
Jissen ni Yakudatsu Tsumego (Japan) (Rev A),CGB-BJTJ-JPN,55EFA05E
Joryuu Janshi ni Chousen GB - Watashi-tachi ni Chousen Shitene! (Japan) (SGB Enhanced),DMG-A55J-JPN,9FA5CDB5
JumpStart Dino Adventure - Field Trip (USA),CGB-BJQE-USA,6D50772D
Jungle Book| The - Mowgli's Wild Adventure (Europe) (En|Fr|De|Es|It),CGB-BJGP-EUR,B609ECEA
Jungle Book| The - Mowgli's Wild Adventure (USA) (En|Fr|De|Es|It),CGB-BJGE-USA,9B6B755F
Juukou Senki Bullet Battlers (Japan) (SGB Enhanced),DMG-AZXJ-JPN,4039C187
K.O. - The Pro Boxing (Japan),CGB-BKOJ-JPN,69F08C89
Kaept'n Blaubaer - Die verrueckte Schatzsuche (Germany),CGB-BVRD-NOE,77E13DBE
Kaitei Densetsu!! Treasure World (Japan),DMG-BDTJ-JPN,4C7258D9
Kakurenbo Battle Monster Tactics (Japan),CGB-BMFJ-JPN,9CFA76C3
Kakutou Ryouri Densetsu Bistro Recipe - Gekitou Foodon Battle Hen (Japan) (SGB Enhanced),DMG-AWRJ-JPN,459A126B
Kakutou Ryouri Densetsu Bistro Recipe - Kettou Bistgarm Hen (Japan) (SGB Enhanced),DMG-A2WJ-JPN,4FBEC464
Kanji Boy (Japan) (SGB Enhanced),DMG-AWKJ-JPN,18CAA513
Kanji Boy 2 (Japan) (SGB Enhanced),DMG-A2CJ-JPN,81FD8918
Kanji Boy 3 (Japan),CGB-BK3J-JPN,2D4D8597
Kanji de Puzzle (Japan),DMG-BKAJ-JPN,25EFA1D7
Kanzume Monsters Parfait (Japan) (SGB Enhanced),DMG-AQPJ-JPN,6D5B59C0
Karamuchou wa Oosawagi! - Polinkies to Okashina Nakama-tachi (Japan) (SGB Enhanced),DMG-AOPJ-JPN,DD948071
Kaseki Sousei Reborn II - Monster Digger (Japan) (SGB Enhanced),DMG-ARMJ-JPN,BF80C897
Katou Hifumi Kudan - Shougi Kyoushitsu (Japan) (SGB Enhanced),DMG-AKHJ-JPN,A262269F
Kawa no Nushi Tsuri 4 (Japan) (Rumble Version) (SGB Enhanced),DMG-VUTJ-JPN,F0B09DDB
Kawaii Pet Shop Monogatari (Japan) (SGB Enhanced),DMG-AEIJ-JPN,44767443
Kawaii Pet Shop Monogatari 2 (Japan),DMG-BMNJ-JPN,3791DCA1
Keep the Balance (Europe) (En|Fr|De|Es|It),CGB-BKNP-EUR,B868E846
Keibajou e Ikou! Wide (Japan),DMG-A5CJ-JPN,710286EA
Keitai Denjuu Telefang - Power Version (Japan),DMG-BTXJ-JPN,8B61CFCC
Keitai Denjuu Telefang - Speed Version (Japan),DMG-BTZJ-JPN,FB528F66
Ken Griffey Jr.'s Slugfest (USA),CGB-AYAE-USA,1E64D19C
Kettou Transformers Beast Wars - Beast Senshi Saikyou Ketteisen (Japan) (SGB Enhanced),DMG-AB7J-JPN,72895639
Kidou Senkan Nadesico - Ruri Ruri Mahjong (Japan),CGB-AQNJ-JPN,6427CD7A
Kikansha Thomas - Sodor-tou no Nakama-tachi (Japan),CGB-BBWJ-JPN,223BB19C
Kindaichi Shounen no Jikenbo - 10nenme no Shoutaijou (Japan) (SGB Enhanced),DMG-BKSJ-JPN,DE52FFDC
Kinniku Banzuke GB - Chousensha wa Kimida! (Japan) (SGB Enhanced),DMG-A5KJ-JPN,E2E4328B
Kinniku Banzuke GB2 - Mezase! Muscle Champion (Japan) (SGB Enhanced),DMG-B6KJ-JPN,42DE9092
Kinniku Banzuke GB3 - Shinseiki Survival Retsuden! (Japan),CGB-B7KJ-JPN,E2F6253E
Kirby - Tilt 'n' Tumble (USA),CGB-KTNE-USA,E541ACF1
Kisekae Series 2 - Oshare Nikki (Japan),CGB-B23J-JPN,948F4A96
Kisekae Series 2 - Oshare Nikki (Japan) (Rev A),CGB-B23J-JPN,E915337C
Kisekae Series 3 - Kisekae Hamster (Japan),CGB-BKHJ-JPN,A29D862F
Klustar (Europe) (En|Fr|De|Es|It),DMG-AKUP-EUR,577E1521
Klustar (USA),DMG-AKUE-USA,3F8D6041
Koenig der Loewen| Der - Simbas grosses Abenteuer (Germany),CGB-BLKP-EUR,EA11E39C
Koguru Guruguru - Guruguru to Nakayoshi (Japan) (NP| SGB Enhanced),DMG-BKGJ-JPN,D6050F64
Konami GB Collection Vol.1 (Europe),DMG-AF5P-EUR,203F8727
Konami GB Collection Vol.2 (Europe),DMG-AF6P-EUR,A6499792
Konami GB Collection Vol.3 (Europe),DMG-AF7P-EUR,D4D6243D
Konami GB Collection Vol.4 (Europe),DMG-AF8P-EUR,8800F1C9
Konchuu Fighters (Japan),CGB-BZZJ-JPN,C6758B0B
Konchuu Hakase 2 (Japan) (SGB Enhanced),DMG-A2KJ-JPN,B6381744
Konchuu Hakase 3 (Japan),CGB-A3KJ-JPN,380F19ED
Korokoro Kirby (Japan),CGB-KKKJ-JPN,C0FACE3D
Koto Battle - Tengai no Moribito (Japan),CGB-BAJJ-JPN,430EB1E1
Koushien Pocket (Japan) (SGB Enhanced),DMG-AKSJ-JPN,6910FF3A
LEGO Alpha Team (Europe) (En|Fr|De|Es|It|Nl|Pt|Sv|No|Da),CGB-BLPP-EUR,690C0373
LEGO Alpha Team (USA),CGB-BLPE-USA,6D7EC41B
LEGO Island 2 - The Brickster's Revenge (Europe) (En|Fr|De|Es|It|Nl|Pt|Sv|No|Da),CGB-BL2P-EUR,921ABB21
LEGO Island 2 - The Brickster's Revenge (USA) (En|Fr|Es),CGB-BL2E-USA,B14FA7E7
LEGO Racers (Europe) (En|Fr|De|Es|It|Nl|Pt|Sv|No|Da),CGB-BLRP-EUR,0A109F13
LEGO Racers (USA) (En|Fr|Es),CGB-BLRE-USA,F6865B09
LEGO Stunt Rally (Europe) (En|Fr|De|Es|It|Nl|Pt|Sv|No|Da),CGB-BLYP-EUR,05CC01FB
LEGO Stunt Rally (USA),CGB-BLYE-USA,DA084760
Land Before Time| The (Europe) (En|Fr|De|Es|It),CGB-BLBP-EUR,F253E082
Land Before Time| The (USA),CGB-BLBE-USA,BCE9CB16
Las Vegas Cool Hand (USA),DMG-ACWE-USA,BEF1CDE4
Laura (Europe) (En|Fr|De|Es|It|Nl|Sv|Da),CGB-BLDP-EUR,F90A3DAE
Laura (USA),CGB-BPXE-USA,E2BFF286
Le Mans 24 Hours (Europe) (En|Fr|De|Es|It),CGB-B24P-EUR,1B49D07D
Legend of Zelda| The - Link's Awakening DX (France) (Rev A) (SGB Enhanced),DMG-AZLF-NFRA,4E2B75E7
Legend of Zelda| The - Link's Awakening DX (France) (Rev A) (SGB Enhanced),DMG-AZLP-EUR,4E2B75E7
Legend of Zelda| The - Link's Awakening DX (France) (Rev A) (SGB Enhanced),DMG-AZLF-NFRA,4E2B75E7
Legend of Zelda| The - Link's Awakening DX (France) (Rev A) (SGB Enhanced),DMG-AZLP-EUR,4E2B75E7
Legend of Zelda| The - Link's Awakening DX (France) (SGB Enhanced),DMG-AZLF-NFRA,F48824FE
Legend of Zelda| The - Link's Awakening DX (France) (SGB Enhanced),DMG-AZLP-EUR,F48824FE
Legend of Zelda| The - Link's Awakening DX (France) (SGB Enhanced),DMG-AZLF-NFRA,F48824FE
Legend of Zelda| The - Link's Awakening DX (France) (SGB Enhanced),DMG-AZLP-EUR,F48824FE
Legend of Zelda| The - Link's Awakening DX (Germany) (Rev A) (SGB Enhanced),DMG-AZLF-NFRA,EFB76777
Legend of Zelda| The - Link's Awakening DX (Germany) (Rev A) (SGB Enhanced),DMG-AZLP-EUR,EFB76777
Legend of Zelda| The - Link's Awakening DX (Germany) (Rev A) (SGB Enhanced),DMG-AZLF-NFRA,EFB76777
Legend of Zelda| The - Link's Awakening DX (Germany) (Rev A) (SGB Enhanced),DMG-AZLP-EUR,EFB76777
Legend of Zelda| The - Link's Awakening DX (Germany) (SGB Enhanced),DMG-AZLF-NFRA,FED5959B
Legend of Zelda| The - Link's Awakening DX (Germany) (SGB Enhanced),DMG-AZLP-EUR,FED5959B
Legend of Zelda| The - Link's Awakening DX (Germany) (SGB Enhanced),DMG-AZLF-NFRA,FED5959B
Legend of Zelda| The - Link's Awakening DX (Germany) (SGB Enhanced),DMG-AZLP-EUR,FED5959B
Legend of Zelda| The - Oracle of Ages (Europe) (En|Fr|De|Es|It),CGB-AZ8P-EUR,5933E3FA
Legend of Zelda| The - Oracle of Ages (USA),CGB-AZ8E-USA,3800A387
Legend of Zelda| The - Oracle of Seasons (Europe) (En|Fr|De|Es|It),CGB-AZ7P-EUR,DBAC1357
Legend of Zelda| The - Oracle of Seasons (USA),CGB-AZ7E-USA,D7E9F5D7
Legend of the River King 2 (Europe) (SGB Enhanced),DMG-BRKP-EUR,F24D010A
Legend of the River King 2 (USA) (SGB Enhanced),DMG-BRKE-USA,840FD525
Legend of the River King GB (Europe) (SGB Enhanced),DMG-ARKP-EUR,87EF9530
Legend of the River King GB (Germany) (SGB Enhanced),DMG-ARKP-EUR,1241F3F5
Legend of the River King GB (USA) (SGB Enhanced),DMG-ARKE-USA,7E821F47
Lemmings (USA),CGB-ALEE-USA,97E5CE2F
Lil' Monster (USA) (SGB Enhanced),DMG-AJYE-USA,C6859B34
Little Magic (Japan),CGB-ALJJ-JPN,CA38283D
Little Mermaid II| The - Pinball Frenzy (Europe) (En|Fr|De|Es|It),CGB-BY2P-EUR,9FEC297E
Little Mermaid II| The - Pinball Frenzy (USA) (En|Fr|De|Es|It) (Rumble Version),CGB-VM2E-USA,364F9CCD
Little Nicky (USA),CGB-BLNE-USA,27310900
Lode Runner - Domudomu Dan no Yabou (Japan),DMG-BXLJ-JPN,ECEAB84E
Lodoss-tou Senki - Eiyuu Kishiden GB (Japan) (SGB Enhanced),DMG-ARAJ-JPN,66E166BB
Logical (Europe),CGB-AOGP-EUR,5EEE76C4
Logical (USA),CGB-AOGE-USA,D67275F7
Looney Tunes (Europe),DMG-ALTP,76CF3E3A
Looney Tunes (USA),DMG-ALTE-USA,4EF3DDD7
Looney Tunes - Carrot Crazy (USA) (En|Fr|Es),DMG-ABLE-USA,11FB5617
Looney Tunes - Twouble! (USA) (En|Fr|Es),DMG-AYRE-USA,698D7BE4
Looney Tunes Collector - Alert! (USA) (En|Fr|Es),CGB-ALME-USA,54509D24
Looney Tunes Collector - Martian Alert! (Europe) (En|Fr|De|Es|It|Nl),CGB-ALMP-EUR,5D85DFAD
Looney Tunes Collector - Martian Quest! (Japan),CGB-ALMJ-JPN,BC46A2D2
Looney Tunes Collector - Martian Revenge! (Europe) (En|Fr|De|Es|It|Nl),CGB-BLAP-EUR,22952662
Looney Tunes Racing (Europe) (En|Fr|De|Es|It|Nl),CGB-BLQP-EUR,7EFDCA8A
Looney Tunes Racing (USA) (En|Fr|De|Es|It|Nl),CGB-BLQE-USA,66792CDE
Loppi Puzzle Magazine - Hirameku Puzzle Dai-2-gou (Japan) (NP| SGB Enhanced),DMG-B51J-JPN,29E193C5
Loppi Puzzle Magazine - Hirameku Puzzle Dai-2-gou (Japan) (Rev A) (NP| SGB Enhanced),DMG-B51J-JPN,D54D5836
Loppi Puzzle Magazine - Hirameku Puzzle Dai-3-gou (Japan) (NP| SGB Enhanced),DMG-B51J-JPN,E078D9F8
Loppi Puzzle Magazine - Hirameku Puzzle Dai-3-gou (Japan) (Rev A) (NP| SGB Enhanced),DMG-B51J-JPN,065A3BF5
Loppi Puzzle Magazine - Hirameku Puzzle Soukangou (Japan) (NP| SGB Enhanced),DMG-B51J-JPN,C0287CF2
Loppi Puzzle Magazine - Hirameku Puzzle Soukangou (Japan) (Rev A) (NP| SGB Enhanced),DMG-B51J-JPN,267B5253
Loppi Puzzle Magazine - Kangaeru Puzzle Dai-2-gou (Japan) (NP| SGB Enhanced),DMG-B62J-JPN,D457CC6C
Loppi Puzzle Magazine - Kangaeru Puzzle Dai-2-gou (Japan) (Rev A) (NP| SGB Enhanced),DMG-B62J-JPN,A30AD68D
Loppi Puzzle Magazine - Kangaeru Puzzle Dai-3-gou (Japan) (NP| SGB Enhanced),DMG-B63J-JPN,3EF25533
Loppi Puzzle Magazine - Kangaeru Puzzle Dai-3-gou (Japan) (Rev A) (NP| SGB Enhanced),DMG-B63J-JPN,9C932F0D
Loppi Puzzle Magazine - Kangaeru Puzzle Soukangou (Japan) (NP| SGB Enhanced),DMG-B61J-JPN,094FFD1E
Loppi Puzzle Magazine - Kangaeru Puzzle Soukangou (Japan) (Rev A) (NP| SGB Enhanced),DMG-B61J-JPN,8019C6F5
Love Hina Party (Japan),CGB-BLHJ-JPN,034D2686
Love Hina Pocket (Japan),CGB-BPHJ-JPN,1C877ABD
Luca no Puzzle de Daibouken! (Japan) (SGB Enhanced),DMG-ARCJ-JPN,3AEBFAD8
Lucky Luke (Europe) (En|Fr|De|Es),CGB-ALQP-EUR,412FB57C
Lucky Luke (USA) (En|Fr|De|Es),CGB-ALQE-USA,A5E29F34
Lucky Luke - Desperado Train (Europe) (En|Fr|De|Es|It|Nl),CGB-BLLP-EUR,CE7F108A
Lufia - The Legend Returns (Europe) (En|De),CGB-BLFP-EUR,470DCB1D
Lufia - The Legend Returns (USA),CGB-BLCE-USA,5BAE3C04
M&M's Minis Madness (Europe),CGB-BMIP-EUR,60683BC4
M&M's Minis Madness (Germany),CGB-BMIP-EUR,A666F54D
M&M's Minis Madness (USA),CGB-BMIE-USA,8649D7A0
Macross 7 - Ginga no Heart o Furuwasero!! (Japan),CGB-BM7J-JPN,2B7ABBA4
Madden NFL 2001 (USA),CGB-BNFE-USA,160E9E3C
Madden NFL 2002 (USA),CGB-B2ME-USA,DE1338D2
Magi Nation (USA),CGB-BNNE-USA,5042450B
Magical Chase GB - Minarai Mahoutsukai Kenja no Tani e (Japan),CGB-AIFJ-JPN,15E5D499
Magical Drop (Europe) (En|Fr|De),CGB-AXJP-EUR,EA9EE203
Magical Drop (USA),CGB-AXJE-USA,E4188A79
Magical Tetris Challenge (Europe) (En|Fr|De|Es|It|Nl|Sv),CGB-AXCP-EUR,0A421839
Magical Tetris Challenge (Europe) (En|Fr|De|Es|It|Nl|Sv) (Rev A),CGB-AXCP-EUR,C82BE2F4
Magical Tetris Challenge (USA),CGB-AT7E-USA,F53CF66C
Mahjong Joou (Japan) (SGB Enhanced),DMG-A56J-JPN,7D83A5E8
Mahjong Quest (Japan) (SGB Enhanced),DMG-AMJJ-JPN,C870B88F
Majokko Mari-chan no Kisekae Monogatari (Japan) (Rev A) (SGB Enhanced),DMG-A23J-JPN,0D16A545
Majokko Mari-chan no Kisekae Monogatari (Japan) (SGB Enhanced),DMG-A23J-JPN,934F4B0A
Marie no Atelier GB (Japan) (SGB Enhanced),DMG-A8MJ-JPN,6144FC66
Mario Family (Japan),CGB-BJMJ-JPN,AB3F3CEF
Mario Golf (Europe),CGB-AWXP-EUR,A132417D
Mario Golf (USA),CGB-AWXE-USA,905AD0CB
Mario Golf GB (Japan),CGB-AWXJ-JPN,4CA2191A
Mario Tennis (Europe),CGB-BM8P-EUR,0510D601
Mario Tennis (USA),CGB-BM8E-USA,A781C63C
Mario Tennis GB (Japan),CGB-BM8J-JPN,19070962
Marvin Strikes Back! (USA) (En|Fr|Es),CGB-BLAE-USA,11B4788C
Mask of Zorro| The (USA),CGB-AZRE-USA,2C92AD12
Maus| Die (Europe) (En|Fr|De|Es),CGB-ADXP-NOE,E7BD4A49
Maus| Die - Verrueckte Olympiade (Germany),CGB-BVOD-NOE,FD11138E
Maya the Bee & Her Friends (Europe) (En|Fr|De|Es),DMG-AMVP-EUR,983B1D26
Maya the Bee - Garden Adventures (Europe) (En|Fr|De|Es),CGB-BMJP-EUR,142B6EFB
McDonald's Monogatari - Honobono Tenchou Ikusei Game (Japan),CGB-BI9J-JPN,66328695
Medarot 2 - Kabuto Version (Japan) (SGB Enhanced),DMG-A2MJ-JPN,BF6BD446
Medarot 2 - Kuwagata Version (Japan) (SGB Enhanced),DMG-A2NJ-JPN,5B8FFD37
Medarot 2 - Parts Collection (Japan) (SGB Enhanced),DMG-A7CJ-JPN,159673DB
Medarot 3 - Kabuto Version (Japan),CGB-B32J-JPN,E655632C
Medarot 3 - Kuwagata Version (Japan),CGB-B33J-JPN,BC617834
Medarot 3 - Parts Collection - Z kara no Chousenjou (Japan),CGB-B3PJ-JPN,EE2D977F
Medarot 4 - Kabuto Version (Japan),CGB-B4MJ-JPN,C192A368
Medarot 4 - Kuwagata Version (Japan),CGB-B4NJ-JPN,6A29B9D8
Medarot 5 - Susutake Mura no Tenkousei - Kabuto (Japan),CGB-B5MJ-JPN,A3C1756E
Medarot 5 - Susutake Mura no Tenkousei - Kuwagata (Japan),CGB-B5NJ-JPN,014083A8
Medarot Cardrobottle - Kabuto Version (Japan) (SGB Enhanced),DMG-A8CJ-JPN,4F03D80A
Medarot Cardrobottle - Kuwagata Version (Japan) (SGB Enhanced),DMG-A9CJ-JPN,A3735F81
Megami Tensei Gaiden - Last Bible II (Japan) (SGB Enhanced),DMG-A2LJ-JPN,9CAA00B5
Meitantei Conan - Karakuri Jiin Satsujin Jiken (Japan) (SGB Enhanced),DMG-A4BJ-JPN,3B5F24FC
Meitantei Conan - Kigantou Hihou Densetsu (Japan) (SGB Enhanced),DMG-A5BJ-JPN,E620FAE2
Meitantei Conan - Norowareta Kouro (Japan) (SGB Enhanced),DMG-BC3J-JPN,CABDD802
Men in Black 2 - The Series (USA) (En|Fr|De),CGB-BB2E-USA,8B63F36F
MetaFight EX (Japan),CGB-A5MJ-JPN,00733C77
Metal Gear - Ghost Babel (Japan),CGB-BMGJ-JPN,7831F84D
Metal Gear Solid (Europe) (En|Fr|De|Es|It),CGB-BMSP-EUR,16796957
Metal Gear Solid (USA),CGB-BMGE-USA,04B0C5D6
Metal Walker (USA),DMG-BM4E-USA,3BE68391
Metamode (Japan),CGB-BTMJ-JPN,A76EED5B
Micro Maniacs (Europe),CGB-B3NP,E66E093B
Microsoft - The 6 in 1 Puzzle Collection Entertainment Pack (Europe) (En|Fr|De|Es|It),CGB-BMEP-EUR,EE4CBA24
Microsoft - The 6 in 1 Puzzle Collection Entertainment Pack (USA),CGB-AZWE-USA,0777B8D7
Microsoft - The Best of Entertainment Pack (Europe),CGB-BMZP-EUR,0F02D708
Microsoft - The Best of Entertainment Pack (USA),CGB-BMEE-USA,D2D88CFA
Microsoft Pinball Arcade (Europe),CGB-BMQP-EUR,4EB7DB14
Microsoft Pinball Arcade (USA),CGB-BMQE-USA,504F55C5
Millennium Winter Sports (USA),CGB-A3HE-USA,B57DABAE
Minna no Shougi - Shokyuu Hen (Japan),DMG-A7YJ-JPN,5CB4FC8A
Minnie & Friends - Yume no Kuni o Sagashite (Japan),CGB-BYKJ-JPN,D47AE577
Missile Command (Europe),CGB-ALCP-EUR,18216E26
Missile Command (USA) (Rumble Version),CGB-VLCE-USA,47543C51
Mission Impossible (Europe) (En|Fr|De|Es|It),CGB-AIMP-EUR,0AF32BAA
Mission Impossible (USA) (En|Fr|Es),CGB-AIME-USA,41230D11
Mizuki Shigeru no Shin Youkaiden (Japan),CGB-BYPJ-JPN,FC1F100F
Mobile Golf (Japan),CGB-BGOJ-JPN,35FC5B32
Momotarou Densetsu 1-2 (Japan),CGB-BI2J-JPN,DA7FB08F
Monkey Puncher (Europe) (SGB Enhanced),DMG-BSPP-EUR,BC1809CE
Monopoly (Japan) (SGB Enhanced),DMG-AHAJ-JPN,0503E567
Monopoly (USA),DMG-ANOE-USA,E559A717
Monster AG| Die (Germany),CGB-B4QP-EUR,3A9602E8
Monster Farm Battle Card GB (Japan) (SGB Enhanced),DMG-A6TJ-JPN,69B88F1E
Monster Race 2 (Japan) (SGB Enhanced),DMG-AMWJ,B985F0D8
Monster Rancher Battle Card GB (USA) (SGB Enhanced),DMG-A6TE-USA,50DDF120
Monster Rancher Explorer (USA),CGB-BSOE-USA,6C35E8F0
Monster Traveler (Japan) (Rev A),CGB-BFVJ,F60A376E
Monsters| Inc. (Europe) (En|Es|Nl),CGB-B4QP-EUR,63E3BBB4
Monsters| Inc. (Europe) (En|Fr|It),CGB-B4QP-EUR,712D40A5
Monsters| Inc. (Europe) (Rev A),CGB-B4QP-EUR,3726858A
Montezuma's Return! (Europe) (En|Fr|De|Es|It),DMG-AZMP-EUR,659693DE
Montezuma's Return! (USA) (En|Es),DMG-AZME-USA,DE04772F
Moomin no Daibouken (Japan),CGB-AM9J-JPN,BD29EE6F
Moomin's Tale (Europe) (En|Fr|De),CGB-AM9P-EUR,45543BA2
Moorhuhn 2 - Die Jagd geht weiter (Germany),CGB-BDED-NOE,ED52CEAF
Mortal Kombat 4 (Germany) (SGB Enhanced),DMG-A4KP-EUR,87588725
Mr Nutz (Europe) (En|Fr|De|Es|It|Nl),CGB-ANUP-EUR,4E37C741
Mr Nutz (USA) (En|Fr|Es),CGB-ANUE-USA,59F67529
Mr. Driller (Europe),CGB-BMDP-EUR,BDF9B05C
Mr. Driller (Japan),CGB-BMDJ-JPN,773729AF
Mr. Driller (USA),CGB-BMDE-USA,492C0EBF
Ms. Pac-Man - Special Colour Edition (Europe),DMG-AQCP-EUR,F2335DA9
Mummy Returns| The (Europe) (En|Fr|De|Es|It),CGB-B2RP-EUR,64052B9B
Mummy Returns| The (USA),CGB-B2RE-USA,C997F45B
Mummy| The (Europe) (En|Fr|De),CGB-BMYP-EUR,84FC838A
Mummy| The (USA),CGB-BMYE-USA,C6BA9F27
Muppets| The (Europe) (En|Fr|De|Es|It|Nl|Sv) (AP9P),CGB-AX9P-EUR,3204B92C
Muppets| The (Europe) (En|Fr|De|Es|It|Nl|Sv) (AX9P),CGB-AX9P-EUR,0FAFA3F2
Muppets| The (USA),CGB-BMUE-USA,3C476C6F
Muteki Ou Tri-Zenon (Japan),CGB-BZNJ-JPN,0BAB7A61
N.Y. Race (Europe) (En|Fr|De|Es|It|Pt),CGB-BNXP-EUR,62F560D8
NASCAR Challenge (USA) (Rumble Version),CGB-VNCE-USA,39C6B868
NASCAR Heat (USA),CGB-BNHE-USA,FA83B37C
NASCAR Racers (USA),CGB-BNRE-USA,F39A5C4F
NBA 3 on 3 featuring Kobe Bryant (USA) (SGB Enhanced),DMG-ACVE-USA,001F4754
NBA Hoopz (USA),CGB-BHIE-USA,5011A419
NBA In the Zone (USA) (Rev A) (SGB Enhanced),DMG-ANZE-USA,BE949F74
NBA In the Zone 2000 (USA),CGB-AJ7E-USA,FDB38C49
NBA Pro '99 (Europe) (SGB Enhanced),DMG-ANZP-EUR,748564AE
NBA Show Time - NBA on NBC (USA),CGB-AA5E-USA,7AE23888
NFL Blitz (USA),DMG-ABZE-USA,D731DED7
NFL Blitz 2000 (USA),CGB-AX2E-USA,090C7DAC
NFL Blitz 2001 (USA),CGB-BLIE-USA,61C653AE
NHL Blades of Steel (USA),CGB-ANEE-USA,A890ADB2
NHL Blades of Steel 2000 (USA),CGB-ANVE-USA,8BC5B62A
NSYNC - Get to the Show (USA),CGB-BNSE-USA,F770878B
Nakayoshi Cooking Series 1 - Oishii Cake-ya-san (Japan),CGB-B7CJ-JPN,E5C9569A
Nakayoshi Cooking Series 2 - Oishii Panya-san (Japan),CGB-B7PJ-JPN,B9FA3CE4
Nakayoshi Cooking Series 3 - Tanoshii Obentou (Japan),CGB-B7BJ-JPN,DD7666CE
Nakayoshi Cooking Series 4 - Tanoshii Dessert (Japan),CGB-B3DJ-JPN,7E5C8542
Nakayoshi Cooking Series 5 - Cake o Tsukurou (Japan),CGB-B3CJ-JPN,C04539F8
Nakayoshi Pet Series 1 - Kawaii Hamster (Japan),CGB-B2HJ-JPN,98D0FCB0
Nakayoshi Pet Series 2 - Kawaii Usagi (Japan),CGB-B7IJ-JPN,866095C2
Nakayoshi Pet Series 3 - Kawaii Koinu (Japan),CGB-B7IJ-JPN,FA4E9896
Nakayoshi Pet Series 4 - Kawaii Koneko (Japan),CGB-B7NJ-JPN,1A382367
Nakayoshi Pet Series 5 - Kawaii Hamster 2 (Japan),CGB-B2HJ-JPN,E5EC7BE5
Naminori Yarou! (Japan) (NP),CGB-BNYJ-JPN,AC5E477D
Net de Get - Minigame @ 100 (Japan),CGB-BMVJ-JPN,6E33D509
Network Boukenki Bugsite - Alpha Version (Japan),CGB-BAUJ-JPN,D65C8BA1
Network Boukenki Bugsite - Beta Version (Japan),CGB-BBUJ-JPN,56F52663
New Addams Family Series| The (Europe) (En|Fr|De|Es|It|Pt),CGB-BAIP-EUR,FBB97680
New Batman Adventures| The - Chaos in Gotham (Europe) (En|Fr|De|Es|It|Nl),CGB-BBBP-EUR,E025067B
New Batman Adventures| The - Chaos in Gotham (USA),CGB-BBBE-USA,B241A4F3
Nicktoons Racing (USA),CGB-BNTE-USA,A3F079D4
Nintama Rantarou - Ninjutsu Gakuen ni Nyuugaku Shiyou no Dan (Japan),CGB-BNAJ-JPN,4631D8BF
Nisemon Puzzle da Mon! - Feromon Kyuushutsu Daisakusen! (Japan),CGB-BNPJ-JPN,2F7D62F3
No Fear - Downhill Mountain Biking (Europe),CGB-BKFP-EUR,0F69F574
Nobunaga no Yabou - Game Boy Ban 2 (Japan) (SGB Enhanced),DMG-AGYJ-JPN,233862D0
Noddy and the Birthday Party (Europe) (En|Fr|De|Es),CGB-AZEP-EUR,845B4E44
Nushi Tsuri Adventure - Kite no Bouken (Japan) (Rumble Version),CGB-VVJJ-JPN,AC52F6EF
O'Leary Manager 2000 (Europe) (En|Fr|De|Es|It|Nl|Ca),CGB-BUIP,3485761A
Oddworld Adventures II (Europe) (En|Fr|De|Es|It),DMG-AOWP-EUR,4B83B14F
Oddworld Adventures II (USA) (En|Fr|De|Es|It),DMG-AOWE-USA,5C260D5A
Ohasuta Dance Dance Revolution GB (Japan),CGB-BD5J-JPN,E338C118
Ohasuta Yama-chan & Raymond (Japan) (SGB Enhanced),DMG-AOSJ-JPN,840EF32F
Oide Rascal (Japan),CGB-BLSJ,9E0799F4
Ojarumaru - Mangan Jinja no Ennichi de Ojaru! (Japan),DMG-BOJJ-JPN,D86507C9
Ojarumaru - Tsukiyo ga Ike no Takaramono (Japan),DMG-BORJ-JPN,ED7461D2
Original Moorhuhn Jagd| Die (Germany),CGB-BOMD-NOE,714EC204
Othello Millennium (Japan),DMG-AO7J-JPN,C7800576
Other Life - Azure Dreams GB (Japan) (SGB Enhanced),DMG-AAZJ-JPN,C6F1ABD4
Ottifanten - Kommando Stoertebeker (Germany),CGB-BOTD-NOE,3EAC3D1C
Ou Dorobou Jing - Angel Version (Japan) (SGB Enhanced),DMG-AZWJ-JPN,D47C0DCF
Ou Dorobou Jing - Devil Version (Japan) (SGB Enhanced),DMG-AZKJ-JPN,2A39A874
Owarai Yoiko no Geemumichi - Oyaji Sagashite 3 Choume (Japan) (SGB Enhanced),DMG-AYIJ-JPN,3F635A4F
Pac-Man - Special Color Edition (USA) (SGB Enhanced),DMG-AACE-USA,3485EF86
Pac-Man - Special Colour Edition (Europe),DMG-AACP-EUR,F565647F
Pachinko CR Mouretsu Genshijin T (Japan),DMG-AXAJ-JPN,F75E269E
Pachinko Hisshou Guide - Data no Ousama (Japan),DMG-AYEJ-JPN,1A631BAB
Pachipachi Pachisurou - New Pulsar Hen (Japan) (SGB Enhanced),DMG-ANPJ-JPN,1E443D1B
Papyrus (Europe) (En|Fr|De|Es|It|Nl),CGB-AY9P-EUR,DA3A3278
Perfect Choro Q (Japan),CGB-BPQJ-JPN,AFA1AAC3
Phantom Zona (Japan) (SGB Enhanced),DMG-BKZJ-JPN,3E43F25F
Pia Carrot e Youkoso!! 2.2 (Japan),CGB-B22J-JPN,2267360B
Pitfall GB (Japan),DMG-AFLJ-JPN,FA09CEBE
Planet of the Apes (Europe) (En|Fr|De|Es|It|Nl),CGB-BYNP-EUR,A92DCB79
Planet of the Apes (USA) (En|Fr|De|Es|It|Nl),CGB-BYNE-USA,91D7CCCA
Player Manager 2001 (Europe) (En|Fr),CGB-BFB,375C35E0
Pocket Billiards - Funk the 9 Ball (Japan),CGB-A9BJ-JPN,3B46E7C9
Pocket Bowling (Japan),DMG-AVBJ-JPN,26589B79
Pocket Bowling (USA),DMG-AVBE-USA,3ED30908
Pocket Color Billiards (Japan),CGB-A3AJ-JPN,911007E1
Pocket Color Block (Japan) (SGB Enhanced),DMG-AC6J-JPN,389CF56F
Pocket Color Mahjong (Japan),DMG-A2AJ-JPN,08DC0AF4
Pocket Color Trump (Japan),DMG-A4CJ-JPN,C73EB10E
Pocket Cooking (Japan),CGB-APJJ,F5AB554D
Pocket Densha 2 (Japan) (SGB Enhanced),DMG-AP8J-JPN,4D26E880
Pocket Family GB2 (Japan),CGB-HA2J-JPN,2A273244
Pocket GI Stable (Japan) (SGB Enhanced),DMG-APUJ-JPN,C424874E
Pocket GT (Japan),CGB-A7GJ-JPN,2AC77C5A
Pocket Hanafuda (Japan),CGB-A6PJ-JPN,AF0C51B8
Pocket King (Japan) (SGB Enhanced),DMG-AV5J-JPN,DEE71D44
Pocket Lure Boy (Japan),CGB-AQIJ-JPN,35A29628
Pocket Monsters - Crystal Version (Japan),CGB-BXTJ-JPN,270C4ECC
Pocket Monsters Eun (Korea),CGB-AAXK-KOR,9CC1F90F
Pocket Monsters Geum (Korea),CGB-AAUK-KOR,249A7A66
Pocket Monsters Gin (Japan) (Rev A) (SGB Enhanced),DMG-AAXJ-JPN,0AEA5383
Pocket Monsters Gin (Japan) (SGB Enhanced),DMG-AAXJ-JPN,BE1B928A
Pocket Monsters Kin (Japan) (Rev A) (SGB Enhanced),DMG-AAUJ-JPN,4EF7F2A5
Pocket Monsters Kin (Japan) (SGB Enhanced),DMG-AAUJ-JPN,524478D4
Pocket Music (Europe) (En|Fr|De|Es|It),CGB-BP9P-EUR,1BFB531E
Pocket Pro Wrestling - Perfect Wrestler (Japan),CGB-AJVJ-JPN,D4EBBA41
Pocket Pro Yakyuu (Japan),CGB-BPPJ-JPN,2A6EF6A8
Pocket Puyo Puyo Sun (Japan) (SGB Enhanced),DMG-AYSJ-JPN,45661EC3
Pocket Puyo Puyo-n (Japan),CGB-BPYJ-JPN,870DB337
Pocket Racing (Europe),CGB-BPKP-EUR,FBF97372
Pokemon - Edicion Oro (Spain) (SGB Enhanced),DMG-AAUP-EUR,3434A92B
Pokemon - Edicion Plata (Spain) (SGB Enhanced),DMG-AAXP-EUR,1D9FAAC5
Pokemon - Goldene Edition (Germany) (SGB Enhanced),DMG-AAUP-EUR,4889DFAA
Pokemon - Silberne Edition (Germany) (SGB Enhanced),DMG-AAXP-EUR,96C9DB95
Pokemon - Version Argent (France) (SGB Enhanced),DMG-AAXP-EUR,E0C216EA
Pokemon - Version Or (France) (SGB Enhanced),DMG-AAUP-EUR,37A70702
Pokemon - Versione Argento (Italy) (SGB Enhanced),DMG-AAXP-EUR,CBA6D2D4
Pokemon - Versione Oro (Italy) (SGB Enhanced),DMG-AAUP-EUR,4C184CE3
Pokemon Card GB (Japan) (SGB Enhanced),DMG-ACXJ-JPN,1926F570
Pokemon Card GB2 - GR Dan Sanjou! (Japan),CGB-BP7J-JPN,6C933A14
Pokemon Pinball (Europe) (En|Fr|De|Es|It) (Rumble Version) (SGB Enhanced),DMG-VPHP-EUR,39C432A4
Pokemon Pinball (Japan) (Rumble Version) (SGB Enhanced),DMG-VPHJ-JPN,13C70DE9
Pokemon Pinball (USA) (Rumble Version) (SGB Enhanced),DMG-VPHE-USA,03CE8D9A
Pokemon Puzzle Challenge (Europe) (En|Fr|De|Es|It),CGB-BPNP-EUR,8206B1CE
Pokemon Puzzle Challenge (USA),CGB-BPNE-USA,D06BBA96
Pokemon Trading Card Game (Europe) (En|Es|It) (SGB Enhanced),DMG-AXQP-EUR,966DAEF1
Pokemon Trading Card Game (Europe) (En|Fr|De) (SGB Enhanced),DMG-AXQP-EUR,4523376E
Pokemon Trading Card Game (USA) (SGB Enhanced),DMG-AXQE-USA,81069D53
Pokemon de Panepon (Japan),CGB-BPNJ-JPN,6BF7E4A6
Polaris SnoCross (USA) (Rumble Version),CGB-VPSE-USA,DD8B189E
Pooh and Tigger's Hunny Safari (Europe) (En|Fr|De|Es|It|Nl),CGB-BP8P-EUR,8505D139
Pop'n Music GB (Japan),CGB-BPMJ-JPN,07E6CA95
Pop'n Music GB - Animation Melody (Japan),CGB-BPAJ-JPN,9B2429A7
Pop'n Music GB - Disney Tunes (Japan),CGB-BPDJ-JPN,48C3C6EF
Pop'n Pop (Japan),CGB-BJPJ-JPN,1CFFB764
Portal Runner (USA),CGB-BAVE-USA,913AC306
Power Pro Kun Pocket (Japan) (Rev A) (SGB Enhanced),DMG-AVVJ-JPN,894D88F2
Power Pro Kun Pocket (Japan) (SGB Enhanced),DMG-AVVJ-JPN,145540D8
Power Pro Kun Pocket 2 (Japan) (SGB Enhanced),DMG-BPWJ-JPN,C2A4A3EB
Power Quest (Europe) (En|Fr|De|Es|It) (SGB Enhanced),DMG-APQP-EUR,30E1E567
Power Quest (USA) (En|Fr|De|Es|It) (SGB Enhanced),DMG-APQE-USA,DAD6F6B4
Power Spike - Pro Beach Volleyball (USA),CGB-BVBE-USA,AE57D1C3
Powerpuff Girls| The - Bad Mojo Jojo (Europe),CGB-BJJP-EUR,75D1063A
Powerpuff Girls| The - Bad Mojo Jojo (USA),CGB-BJJE-USA,834CAF7A
Powerpuff Girls| The - Bad Mojo Jojo (USA) (Rev A),CGB-BJJE-USA,548A287A
Powerpuff Girls| The - Bad Mojo Jojo (USA) (Rev B),CGB-BJJE-USA,A111704F
Powerpuff Girls| The - Battle Him (Europe),CGB-BBHP-EUR,788859AE
Powerpuff Girls| The - Battle Him (USA),CGB-BBHE-USA,D8455984
Powerpuff Girls| The - Battle Him (USA) (Rev A),CGB-BBHE-USA,E3D6964C
Powerpuff Girls| The - Bulle Contre Lui (France),CGB-BBHP-EUR,7085270C
Powerpuff Girls| The - L'Affreux Mojo Jojo (France),CGB-BJJP-EUR,256D166F
Powerpuff Girls| The - Paint the Townsville Green (Europe),CGB-BPTP-EUR,98E4B0C4
Powerpuff Girls| The - Paint the Townsville Green (USA),CGB-BPTE-USA,9D47261A
Powerpuff Girls| The - Paint the Townsville Green (USA) (Rev A),CGB-BPTE-USA,295B3646
Powerpuff Girls| The - Paint the Townsville Green (USA) (Rev B),CGB-BPTE-USA,443367AE
Powerpuff Girls| The - Panique A Townsville (France),CGB-BPTP-EUR,79A417DB
Pro Darts (USA),CGB-AVDE-USA,834A72C0
Pro Foot (France) (En|Fr|De|Es|It|Nl|Sv),DMG-AAFF-FRA,A9905932
Pro Mahjong Kiwame GB II (Japan) (SGB Enhanced),DMG-AA2J-JPN,14F91F86
Pro Mahjong Tsuwamono GB (Japan) (SGB Enhanced),DMG-AQDJ-JPN,1461D8D8
Pro Mahjong Tsuwamono GB2 (Japan),CGB-BMWJ-JPN,F03016F5
Pro Pool (Europe) (En|Fr|De),CGB-BPLP-EUR,21A4DA64
Pro Pool (USA) (En|Fr|De),CGB-BPLE-USA,04D3031A
Project S-11 (USA),CGB-BPJE-USA,20CEE2E8
Puchi Carat (Europe) (SGB Enhanced),DMG-AIQP-EUR,A9A89DDA
Puchi Carat (Japan) (SGB Enhanced),DMG-ACUJ-JPN,F0D0C36D
Pumuckls Abenteuer bei den Piraten (Germany),CGB-AVED,F55CDB79
Pumuckls Abenteuer im Geisterschloss (Germany),CGB-BPCD-NOE,87FCEC24
Puyo Puyo Gaiden - Puyo Wars (Japan) (SGB Enhanced),DMG-AWYJ-JPN,67350BC9
Puzz Loop (Japan),DMG-BPZJ-JPN,AF858234
Puzzle Bobble 4 (Japan),DMG-AA4J-JPN,79A35284
Puzzle Bobble Millennium (Japan),CGB-BP5J-JPN,00FDED94
Puzzle Master (USA),DMG-AZOE-USA,06EB7A01
Puzzle de Shoubuyo! Wootama-chan (Japan),DMG-BKUJ-JPN,73ED3042
Puzzled (Europe) (En|Fr|De),CGB-AZWP-EUR,15B44D68
Puzzled (USA),CGB-BP3E-USA,F03FFDAF
Q-bert (USA),CGB-BQTE-USA,90F46D7E
QIX Adventure (Europe),CGB-AQYP-EUR,D729DB40
QIX Adventure (Japan),CGB-AQSJ-JPN,5ACEA4A9
Quest - Fantasy Challenge (USA) (SGB Enhanced),DMG-AQTE-USA,98285775
Quest RPG - Brian's Journey (USA),DMG-AQRE-USA,9AC27645
Quest for Camelot (Europe) (En|Fr|De|Es|It|Nl) (SGB Enhanced),DMG-ACNP-EUR,CE55A4DE
Quest for Camelot (USA) (En|Fr|Es) (SGB Enhanced),DMG-ACNE-USA,D903DB7D
Qui Qui (Japan),DMG-AQUJ-JPN,56D76BA2
R-Type DX (Japan),DMG-ARUJ-JPN,3623EBB6
RPG Tsukuru GB (Japan),CGB-A2QJ-JPN,0B614307
Rampart (USA),CGB-A5RE-USA,D5AEED2E
Rats! (USA) (En|Es),DMG-AVTE-USA,17635AD1
Rayman (Europe) (En|Fr|De|Es|It|Nl),CGB-AYQP-EUR,C430A89A
Rayman (USA) (En|Fr|De|Es|It|Nl),CGB-AYQE-USA,EDA12F0D
Rayman - Mister Dark no Wana (Japan),CGB-BURJ-JPN,3FDE5BAC
Rayman 2 - The Great Escape (Europe) (En|Fr|De|Es|It),CGB-BRYP-EUR,250015D4
Rayman 2 - The Great Escape (USA) (En|Fr|De|Es|It),CGB-BRYE-USA,6F5C315D
Razmoket a Paris| Les - Le Film (France),CGB-BRPP-EUR,094494E9
Razmoket| Les - 100% Angelica (France),CGB-BAGP-EUR,1D66CB29
Razmoket| Les - Voyage dans le Temps (France),DMG-AVMP,2F8FEF3F
Razor Freestyle Scooter (USA),CGB-BRZE-USA,5C201286
Ready 2 Rumble Boxing (Europe),CGB-AQOP-EUR,BEA36BF9
Ready 2 Rumble Boxing (USA) (Rumble Version),CGB-VRRE-USA,345E20A4
Real Pro Yakyuu! - Central League Hen (Japan) (SGB Enhanced),DMG-AECJ-JPN,AFFF6BB9
Real Pro Yakyuu! - Pacific League Hen (Japan) (SGB Enhanced),DMG-AEPJ,16B81C36
Rescue Heroes - Fire Frenzy (USA),CGB-BRQE-USA,77A4DC63
Reservoir Rat (Europe) (En|Fr|De|Es|It),DMG-AVTP-EUR,22621803
Resident Evil Gaiden (Europe) (En|Fr|De|Es|It),CGB-BIOP-EUR,F85C3F2C
Resident Evil Gaiden (USA),CGB-ARHE-USA,F8C5021B
Return of the Ninja (Europe),CGB-BNJP-EUR,8E04849A
Return of the Ninja (USA),CGB-BNJE-USA,A07DA702
Revelations - The Demon Slayer (USA) (SGB Enhanced),DMG-ALBE-USA,D1A65D74
Rip-Tide Racer (Europe) (En|Fr|De|Es|It),DMG-AXYP-EUR,AB8C3A31
Roadsters Trophy (Europe) (En|Fr|De|Es|It|Nl),DMG-ARRP-EUR,717B3525
Roadsters Trophy (USA) (En|Fr|De|Es|It|Nl),DMG-ARPE-USA,38B022BE
RoboCop (Europe) (En|Fr|De|Es|It|Nl),CGB-BR9P-EUR,6C6423E2
Robopon - Sun Version (USA) (SGB Enhanced),DMG-HREE-USA,32CAEF11
Robot Poncots - Comic Bom Bom Special Version (Japan) (SGB Enhanced),DMG-H5UJ-JPN,4AA209CD
Robot Poncots - Moon Version (Japan) (SGB Enhanced),DMG-B3UJ,87A29030
Robot Poncots - Star Version (Japan) (SGB Enhanced),DMG-HRCJ,B28F32AC
Robot Poncots - Sun Version (Japan) (SGB Enhanced),DMG-HREJ-JPN,CB0B8003
Robot Wars - Metal Mayhem (Europe) (En|Fr|De|It|Nl|Sv),CGB-BRWP-EUR,E99BDEE6
Rockman X - Cyber Mission (Japan),DMG-BRXJ-JPN,919077AB
Rockman X2 - Soul Eraser (Japan),CGB-BXRJ-JPN,17913DD0
Rocky Mountain Trophy Hunter (USA),CGB-BRME-USA,9AA5B021
Roi Lion| Le - Les Adventures de Simba (France),CGB-BLKP-EUR,6467FBA0
Rokumon Tengai Mon-Colle-Knight GB (Japan),CGB-BKDJ-JPN,E48ADF8D
Roland Garros French Open (Europe) (En|Fr|De|Es|It|Nl),CGB-BRGP-EUR,10DBDE7C
Ronaldo V-Football (Europe) (En|Fr|De|Es|It|Nl|Pt),DMG-AORP,A856C066
Ronaldo V-Soccer (USA) (En|Fr|Es|Pt),DMG-AORE-USA,D0204F10
Roswell Conspiracies - Aliens| Myths & Legends (USA) (En|Fr|De),CGB-BCPE-USA,1F5EC131
Rox (Japan),DMG-ARXJ-JPN,4BD73D99
Rugrats - Typisch Angelica (Germany),CGB-BAGP-EUR,026C4794
Rugrats Movie| The (Europe) (SGB Enhanced),DMG-ARZP,B4091600
Rugrats Movie| The (USA) (SGB Enhanced),DMG-ARQE-USA,FEBE2606
Rugrats in Paris - The Movie (Europe) (En|Es),CGB-BRPP-EUR,35323432
SD Hiryuu no Ken EX (Japan) (SGB Enhanced),DMG-AUXJ-JPN,365BF43F
Sabrina - The Animated Series - Zapped! (Europe) (En|Fr|De),CGB-BSGP-EUR,818F3AF6
Sakata Gorou Kudan no Renju Kyoushitsu (Japan) (SGB Enhanced),DMG-AREJ-JPN,B5412C6F
Samurai Kid (Japan),CGB-BS5J-JPN,44A9DDFB
Sangokushi - Game Boy Ban 2 (Japan) (SGB Enhanced),DMG-AS9J-JPN,E787B44C
Sanrio Timenet - Kako Hen (Japan) (SGB Enhanced),DMG-ATPJ-JPN,458B579D
Sanrio Timenet - Mirai Hen (Japan) (SGB Enhanced),DMG-ATFJ-JPN,EFE51E17
Santa Claus Junior (Europe),CGB-B3JP-EUR,A744DF64
Saru Puncher (Japan) (SGB Enhanced),DMG-BSPJ-JPN,B02564FC
Scrabble (Europe),CGB-B9QP-EUR,998657B7
Sei Hai Densetsu (Japan) (SGB Enhanced),DMG-AEOJ-JPN,612F0529
Seme COM Dungeon - Drururuaga (Japan),DMG-BV6J-JPN,0B1B928C
Senkai Ibunroku Juntei Taisen - TV Animation Senkaiden Houshin Engi Yori (Japan) (SGB Enhanced),DMG-BHSJ-JPN,23FA5F53
Sesame Street Sports (USA),CGB-BSOE-USA,4ED4AAFA
Sgt. Rock - On the Frontline (USA),CGB-BRFE-USA,521A2F77
Shadowgate Return (Japan),DMG-ASWJ-JPN,1BCD7D70
Shaman King Card Game - Chou Senjiryakketsu - Funbari Hen (Japan),CGB-BQUJ-JPN,EF10272E
Shaman King Card Game - Chou Senjiryakketsu - Meramera Hen (Japan),CGB-BQVJ-JPN,5730393D
Shanghai Pocket (USA) (SGB Enhanced),DMG-AHPE-USA,9401BA47
Shantae (USA),CGB-B3AE-USA,E994B59B
Shin Megami Tensei Devil Children - Aka no Sho (Japan) (SGB Enhanced),DMG-BHNJ-JPN,F90C4977
Shin Megami Tensei Devil Children - Kuro no Sho (Japan) (SGB Enhanced),DMG-BHEJ-JPN,55B9AF51
Shin Megami Tensei Devil Children - Shiro no Sho (Japan),CGB-BHWJ-JPN,39A10855
Shin Megami Tensei Trading Card - Card Summoner (Japan),CGB-BT8J-JPN,85264877
Shinseiki Evangelion - Mahjong Hokan Keikaku (Japan),CGB-BQRJ-JPN,5337FF55
Shougi 2 (Japan),DMG-AS8J-JPN,A7748D2B
Shougi 3 (Japan),DMG-B9SJ-JPN,64B479FA
Shutokou Racing| The (Japan) (SGB Enhanced),DMG-ASUJ-JPN,36E781CD
Smurfs Nightmare| The (Europe) (En|Fr|De|Es),CGB-P-ASNP,6F97B043
Smurfs Nightmare| The (USA),CGB-ASNE-USA,B50CAFE4
Snobow Champion (Japan),CGB-B5CJ-JPN,846FEA2B
Snoopy Tennis (Europe) (En|Fr|De|Es|It|Nl),CGB-BS9P-EUR,8C2D9B43
Snoopy Tennis (Japan),CGB-BS9J-JPN,D088EEFD
Snoopy Tennis (USA) (En|Fr|Es),CGB-BS9E-USA,D882ECCC
Snow White and the Seven Dwarfs (USA),CGB-B7DE-USA,8DD38534
Soccer Manager (Europe) (En|Fr|De|Es),CGB-BSMP-EUR,237ECEF9
Solomon (Japan),CGB-BSOJ-JPN,6AEE0958
Soreike! Anpanman - 5-tsu no Tou no Ousama (Japan),CGB-BS2J-JPN,C9A25B0C
Soreike! Anpanman - Fushigi na Nikoniko Album (Japan) (SGB Enhanced),DMG-AANJ-JPN,A80EEEAD
Soukoban Densetsu - Hikari to Yami no Kuni (Japan) (SGB Enhanced),DMG-AWIJ,081D7FCB
Soul Getter - Houkago Bouken RPG (Japan),DMG-AL9J-JPN,3FFCD45B
Space Invaders X (Japan),DMG-BSIJ-JPN,C016BC79
Space Marauder (USA),CGB-AZYE-USA,4F83B35E
Space-Net - Cosmo Blue (Japan),CGB-BNBJ-JPN,F606D369
Space-Net - Cosmo Red (Japan),CGB-BREJ-JPN,01F96353
Spacestation Silicon Valley (Europe) (En|Fr|De|Es|It|Nl|Sv),DMG-AV2P-EUR,63353C0F
Spawn (USA),CGB-AAWE-USA,72FCB0AD
Spider-Man (France),CGB-BSEP-NOE,F6334DC5
Spider-Man (Japan),CGB-BSEJ-JPN,5A83DFC4
Spirou Robbedoes - The Robot Invasion (Europe) (En|Fr|De|Es|It|Nl|Da),CGB-BSCP-EUR,3E9BC90B
Spy vs. Spy (Europe) (En|Fr|De|Es|It|Nl|Sv),CGB-AS6P-EUR,713C6C17
Spy vs. Spy (USA),CGB-AS6E-USA,F0463D51
Star Ocean - Blue Sphere (Japan) (SGB Enhanced),DMG-BO2J-JPN,8C7DDBDA
Star Wars Episode I - Obi-Wan's Adventures (USA),CGB-BOWE-USA,0E697582
Stranded Kids (Europe) (En|Fr|De) (SGB Enhanced),DMG-AVKP-EUR,816A4D94
Street Fighter Alpha - Warriors' Dreams (Europe),CGB-AFZP-EUR,28A3AB3A
Street Fighter Alpha - Warriors' Dreams (Japan),CGB-BFZJ-JPN,32739B34
Street Fighter Alpha - Warriors' Dreams (USA),CGB-AFZE-USA,AA5F14D2
Stuart Little - The Journey Home (Europe) (Fr|De),CGB-BGIP-EUR,ACB08666
Super Black Bass - Real Fight (Japan) (Rumble Version),CGB-VRFJ-JPN,B7F77B6A
Super Bombliss DX (Japan) (En) (SGB Enhanced),DMG-A2OJ-JPN,34C8A4A5
Super Breakout! (Europe) (En|Fr|De|Es|It|Nl),DMG-AOTP-EUR,6833923D
Super Breakout! (USA),DMG-AOTE-USA,52F51CB5
Super Chinese Fighter EX (Japan),CGB-A66J-JPN,DCDAA333
Super Doll Licca-chan - Kisekae Daisakusen (Japan),CGB-BSLJ-JPN,DF50473F
Super Gals! Kotobuki Ran (Japan),CGB-BGLJ-JPN,90379C16
Super Gals! Kotobuki Ran 2 - Miracle Getting (Japan),CGB-BGLJ-JPN,E77FA0F2
Super Mario Bros. Deluxe (Japan) (NP),CGB-AHYJ-JPN,866B1212
Super Me-Mail GB - Me-Mail Bear no Happy Mail Town (Japan),CGB-BHAJ-JPN,315CAA18
Super Nenas| Las - El Malvado Mojo Jojo (Spain),CGB-BJJP-EUR,EFE652BF
Super Nenas| Las - Lucha Con Ese (Spain),CGB-BBHP-EUR,7BA87C11
Super Nenas| Las - Panico en Townsville (Spain),CGB-BPTP-EUR,03EDB574
Super Real Fishing (Japan) (Rumble Version),CGB-VPFJ-JPN,00865161
Super Robot Pinball (Japan),CGB-BSUJ-JPN,6E330FCD
Super Robot Taisen - Link Battler (Japan) (SGB Enhanced),DMG-AL6J-JPN,D24E592D
Supreme Snowboarding (Europe) (En|Fr|De),CGB-AXWP-NOE,53B1E661
Survival Kids (USA) (SGB Enhanced),DMG-AVKE-USA,C46ABA56
Survival Kids - Kotou no Boukensha (Japan) (SGB Enhanced),DMG-AVKJ-JPN,19C2BD07
Survival Kids 2 - Dasshutsu!! Futago-Jima! (Japan) (SGB Enhanced),DMG-B2VJ-JPN,AB8B25D8
Sweet Ange (Japan) (SGB Enhanced),DMG-AUBJ-JPN,4BE9B159
Swing (Germany),CGB-BSWD-NOE,7041929D
Sylvanian Families - Otogi no Kuni no Pendant (Japan) (SGB Enhanced),DMG-ALVJ-JPN,C6FE4497
Sylvanian Families 2 - Irozuku Mori no Fantasy (Japan),CGB-BLVJ-JPN,F82D391F
Sylvanian Families 3 - Hoshi Furu Yoru no Sunadokei (Japan),CGB-BL3J-JPN,ABF32B8B
Sylvanian Melodies - Mori no Nakama to Odori Masho! (Japan) (SGB Enhanced),DMG-BMKJ-JPN,6DD8AC91
Sylvester and Tweety - Breakfast on the Run (Europe) (En|Fr|De|Es|It|Nl),DMG-AYRP-EUR,6BB3B0DC
TNN Outdoors Fishing Champ (USA) (SGB Enhanced),DMG-AFCE-USA,00A14D18
Tabaluga (Germany),DMG-ALUP-EUR,F09F92D7
Taito Memorial - Bubble Bobble (Japan) (SGB Enhanced),DMG-AVWJ-JPN,388C6760
Taito Memorial - Chase H.Q. - Secret Police (Japan) (SGB Enhanced),DMG-AH9J-JPN,6A0C272D
Tales of Phantasia - Narikiri Dungeon (Japan) (SGB Enhanced),DMG-AN6J-JPN,725CF31C
Tarzan (France),CGB-ATHP-EUR,C503AFBB
Tarzan (Germany),CGB-ATHP-EUR,39D04581
Tarzan (Japan),CGB-BTHJ-JPN,F2005973
Taxi 2 (France),CGB-BT2F-FRA,0FD9FFF0
Taxi 3 (France),CGB-BXIF-FRA,2838996F
Tazmanian Devil - Munching Madness (Europe) (En|Fr|De|Es|It),DMG-AVZP-EUR,683752A0
Tazmanian Devil - Munching Madness (USA) (En|Fr|De|Es|It),DMG-ATIE-USA,3611D0D8
Test Drive 2001 (USA),CGB-BTEE-USA,BB894EC7
Test Drive 6 (Europe) (En|Fr|De|Es|It),DMG-AW6P-EUR,13691CEB
Test Drive 6 (USA),DMG-AW6E-USA,5CE00547
Test Drive Cycles (USA),CGB-BTDE-USA,E32BB06F
Test Drive Le Mans (USA) (En|Fr|Es),CGB-B24E-USA,E6D6AC8F
Test Drive Off-Road 3 (USA) (Rumble Version) (SGB Enhanced),DMG-VQ3E-USA,0FDD5B9E
Tetris Adventure - Susume Mickey to Nakama-tachi (Japan),CGB-AT7J-JPN,EAF6E4F2
Tetris DX (World) (SGB Enhanced),DMG-ATEA-USA,69989152
Three Lions (Europe) (En|Fr|De|Es|It|Nl|Sv),DMG-AAFP-UKV,1CBEA1AA
Thunderbirds (Europe),CGB-BTNP-EUR,B5BECECF
Thunderbirds (Europe) (En|Fr|De|Es|It),CGB-BTNP-EUR,36536324
Tintin - Prisoners of the Sun (Europe) (En|Fr|De),CGB-BTTP-EUR,B2205D49
Tiny Toon Adventures - Buster Saves the Day (Europe) (En|Fr|De|Es|It),CGB-BUSP-EUR,7AA371ED
Tiny Toon Adventures - Buster Saves the Day (USA),CGB-BUSE-USA,800EFB3D
Tiny Toon Adventures - Dizzy's Candy Quest (Europe) (En|Fr|De|Es|It|Nl),CGB-BDQP-EUR,5A0D41AA
Titi - Le Tour du Monde en 80 Chats (France),CGB-BTWP-EUR,CE55ED18
Titus the Fox to Marrakech and Back (Europe),DMG-BFXP-EUR,2F9F19DE
Titus the Fox to Marrakech and Back (USA),DMG-BFXE-USA,BA70D28F
Tokoro-san no Setagaya C.C. (Japan),DMG-BGBJ-JPN,9139E307
Tom and Jerry - Mousehunt (Europe) (En|Fr|De|Es|It),CGB-BTJP-EUR,3E17D04A
Tom and Jerry - Mousehunt (USA) (En|Fr|Es),CGB-BTJE-USA,5FC6BEC0
Tom and Jerry in Mouse Attacks! (Europe) (En|Fr|De|Es|It|Nl|Da),CGB-BTOP-EUR,9D9C84F4
Tom and Jerry in Mouse Attacks! (USA),CGB-BTOE-USA,38CE3F76
Tonic Trouble (Europe) (En|Fr|De|Es|It|Nl),CGB-AXTP-EUR,A8628F7A
Tonka Construction Site (USA),CGB-BCZE-USA,8142A3E8
Tonka Raceway (Europe),CGB-ATQP-EUR,E108B2C2
Tonka Raceway (USA),CGB-ATQE-USA,BC07F4FB
Tonka Raceway (USA) (Rumble Version),CGB-ATQE-USA,A5AF4B28
Toobin' (USA),CGB-AOIE-USA,3D6B598C
Toonsylvania (USA),CGB-BSYE-USA,096D0C27
Top Gear Pocket (Japan) (Rumble Version),CGB-VGRJ,EBCCA3DA
Top Gear Pocket (USA) (Rumble Version),CGB-VGRE,84499FC1
Top Gear Pocket 2 (Japan) (Rumble Version),CGB-V33J-JPN,1845F25A
Top Gear Rally (Europe) (Rumble Version),CGB-VGRP,337E5DD3
Totsugeki! Papparatai (Japan) (SGB Enhanced),DMG-APHJ-JPN,0AEAE8FB
Tottoko Hamutarou - Tomodachi Daisakusen Dechu (Japan),CGB-BHTJ-JPN,19EB4516
Tottoko Hamutarou - Tomodachi Daisakusen Dechu (Japan) (Rev A),CGB-BHTJ-JPN,D549E074
Tottoko Hamutarou 2 - Hamu-chan Zu Daishuugou Dechu (Japan),DMG-B86J-JPN,F1FBCF84
Toy Story Racer (Europe) (En|Fr|De),CGB-BT5P-EUR,F660ED94
Trick Boarder (USA),CGB-BTBE-USA,E856DC3D
Trickboarder GP (Japan),CGB-BTBJ-JPN,31740097
Trouballs (USA),CGB-BBEE-USA,260EED04
Tsuri Sensei 2 (Japan) (SGB Enhanced),DMG-AF2J-JPN,1BE00A6E
Tsuriiko!! (Japan),CGB-BAFJ-JPN,6F2CBD1D
Turok 2 - Seeds of Evil (Japan),DMG-A2TJ-JPN,F095B446
Tweenies - Doodles' Bones (Europe) (En|De|Es|It),CGB-B2ZP-EUR,9306EDD0
Tweenies - Doodles' Bones (Europe) (En|Nl|Sv|No|Da),CGB-B2ZP-EUR,C7B61220
Tweety Sekaiisshuu - 80 Hiki no Neko o Sagase! (Japan),CGB-BTWJ-JPN,147F427A
Tweety's High-Flying Adventure (Europe) (En|Es|It),CGB-BTWP-EUR,CA9E5385
Tweety's High-Flying Adventure (Europe) (En|Fr|De),CGB-BTWP-EUR,7361D6BC
Tweety's High-Flying Adventure (USA),CGB-BTWE-USA,4E226396
Tyco RC - Racin' Ratz (USA),CGB-BTIE-USA,D6881014
UEFA 2000 (Europe) (En|Fr|De|Es|It|Nl),CGB-BUEP-NOE,4B314D4B
Uchuujin Tanaka Tarou de RPG Tsuku-ru GB 2 (Japan),CGB-B3QJ-JPN,219E42E3
Ultimate Fighting Championship (Europe),CGB-BUCP-EUR,92A5A1AD
Ultimate Fighting Championship (USA),CGB-BUCE-USA,D5F036CE
Ultimate Surfing (Europe),CGB-BSUP-EUR,B3398A9B
Ultimate Surfing (USA),CGB-BSUE-USA,E84DF1F0
Uno (Europe) (En|Fr|De|Es|It|Nl),DMG-AUNP,70760CCE
Uno (USA),DMG-AUNE-USA,F026D509
V-Rally - Championship Edition (Europe) (En|Fr|De|Es),CGB-AVYP-EUR,1312B3F7
V-Rally - Championship Edition (Japan),CGB-AVLJ-JPN,FAB9D941
V-Rally - Championship Edition (USA) (En|Fr|Es),CGB-AVLE-USA,DA300C6C
VIP (USA) (En|Fr|Es),CGB-BVIE-USA,436C87D4
VS Lemmings (Japan),CGB-ALEJ-JPN,947D45AE
Vegas Games (USA),CGB-AVFE-USA,40B5EA96
Vigilante 8 (USA) (Rumble Version),CGB-VV8E-USA,D1A188DC
Visiteurs| Les (France),CGB-AY9P-EUR,D843F898
Wacky Races (USA) (En|Fr|Es),CGB-AW9E-USA,543ABB1B
Walt Disney World Quest - Magical Racing Tour (Europe) (Fr|De|Es),CGB-BWDP-EUR,E54B22B9
Warau Inu no Bouken - Silly Go Lucky! (Japan),CGB-BWBJ-JPN,E93F1582
Wario Land 2 (Japan) (SGB Enhanced),DMG-AW2J-JPN,B30FDBF5
Wario Land 3 (World) (En|Ja),CGB-AW8A-USA,480D0259
Warlocked (USA),CGB-BWLE-USA,CFA0DF0F
Warriors of Might and Magic (USA) (En|Fr|De),CGB-BMME-USA,EF9F5BEA
Watashi no Kitchen (Japan),CGB-BKRJ-JPN,BC767B25
Watashi no Kitchen (Japan) (Rev A),CGB-BKRJ-JPN,584669E4
Watashi no Restaurant (Japan),CGB-BWNJ-JPN,395003EF
Wetrix GB (Europe) (En|Fr|De),CGB-BWXP-EUR,9CBFAA3D
Wetrix GB (Japan) (SGB Enhanced),DMG-AW5J-JPN,6215C5B3
Who Wants to Be a Millionaire - 2nd Edition (USA),CGB-BMOE-USA,6830B7AF
Wild Thornberrys| The - Rambler (USA),CGB-BWTE,0E1465CB
Wings of Fury (Europe) (En|Fr|De),DMG-AFXP-EUR,6D59104F
Wings of Fury (USA),DMG-AFAE-USA,C94A413A
Winnie the Pooh - Adventures in the 100 Acre Wood (USA),CGB-BPOE-USA,066A2196
Wizardry Empire (Japan),CGB-AEWJ-JPN,7ADC90E1
Wizardry Empire (Japan) (Rev A),CGB-AEWJ-JPN,FA82620F
Wizardry Empire - Fukkatsu no Tsue (Japan),CGB-BFTJ-JPN,1A10552B
Wizardry I - Proving Grounds of the Mad Overlord (Japan),CGB-BWIJ-JPN,A99A33DC
Wizardry II - Llylgamyn no Isan (Japan),CGB-BW2J-JPN,DD727F1A
Wizardry III - Diamond no Kishi (Japan),CGB-BW3J-JPN,D44D3596
Woody Woodpecker (USA),CGB-BWPE-USA,BD2D1F8B
Woody Woodpecker Racing (Europe),CGB-BWRP-EUR,B0F43498
Woody Woodpecker Racing (USA),CGB-BWRE-USA,0424CF43
Woody Woodpecker no Go! Go! Racing (Japan),CGB-BWRJ-JPN,F59DAA99
World Destruction League - Thunder Tanks (USA) (En|Fr|De),CGB-BBTE-USA,1A0BF4D7
World Soccer GB 2000 (Japan),CGB-BWSJ-JPN,6775B29E
World Soccer GB2 (Japan) (SGB Enhanced),DMG-AWZJ-JPN,DD18DB5F
Worms Armageddon (Europe) (En|Fr|De|Es|It|Nl),CGB-AAOP-EUR,CB04F34D
Worms Armageddon (USA) (En|Fr|Es),CGB-AAOE-USA,E241EDDE
X-Men - Mutant Academy (Japan),CGB-BXAJ-JPN,8162ADC1
X-Men - Wolverine's Rage (Europe),CGB-BWOP-EUR,83AD5B99
X-Men - Wolverine's Rage (USA),CGB-BWOE-USA,12FC1A6E
Xtreme Sports (USA),CGB-BXGE-USA,19828751
Xtreme Wheels (USA),CGB-BXCE-USA,129465DB
Yakouchuu GB (Japan),CGB-AYTJ-JPN,AA05DAF1
Yogi Bear - Great Balloon Blast (USA),CGB-BBXE-USA,F817E978
Yu-Gi-Oh! - Dark Duel Stories (Europe),CGB-BY3P-EUR,338E2CDA
Yu-Gi-Oh! - Dark Duel Stories (USA),CGB-BY3E-USA,803A56AE
Yu-Gi-Oh! - Das Dunkle Duell (Germany),CGB-BY3P-EUR,6CA75BA0
Yu-Gi-Oh! - Duel des Tenebres (France),CGB-BY3P-EUR,5B72BAB5
Yu-Gi-Oh! - Duelo en las Tinieblas (Spain),CGB-BY3P-EUR,DC160F10
Yu-Gi-Oh! - Monster Capsule GB (Japan) (SGB Enhanced),DMG-AYCJ-JPN,1371E872
Yu-Gi-Oh! - Racconti Oscuri (Italy),CGB-BY3P-EUR,8A6B0948
Yu-Gi-Oh! Duel Monsters II - Dark Duel Stories (Japan) (SGB Enhanced),DMG-AYKJ-JPN,BA7182C3
Yu-Gi-Oh! Duel Monsters III - Tri Holy God Advant (Japan),CGB-BY3J-JPN,9F9DBAB4
Zebco Fishing! (USA) (Rumble Version),CGB-VZFE-USA,3CC6B1F9
Zelda no Densetsu - Fushigi no Kinomi - Daichi no Shou (Japan),CGB-AZ7J-JPN,E42538F0
Zelda no Densetsu - Fushigi no Kinomi - Jikuu no Shou (Japan),CGB-AZ8J-JPN,3272E6F9
Zelda no Densetsu - Yume o Miru Shima DX (Japan) (Rev A) (SGB Enhanced),DMG-AZLJ-JPN,BD8A1041
Zelda no Densetsu - Yume o Miru Shima DX (Japan) (Rev B) (SGB Enhanced),DMG-AZLJ-JPN,E998E595
Zelda no Densetsu - Yume o Miru Shima DX (Japan) (SGB Enhanced),DMG-AZLJ-JPN,D974ABEA
Zen-Nihon Shounen Soccer Taikai - Mezase Nihon Ichi! (Japan),CGB-BJFJ,EFAD8B34
Zoboomafoo - Playtime in Zobooland (USA),CGB-BZBE-USA,38D91885
Zoids - Jashin Fukkatsu! Genobreaker Hen (Japan) (Rev A) (SGB Enhanced),DMG-BGZJ-JPN,96461918
Zoids - Jashin Fukkatsu! Genobreaker Hen (Japan) (SGB Enhanced),DMG-BGZJ-JPN,F36C874D
Zoids - Shirogane no Juukishin Liger Zero (Japan),CGB-BZ2J-JPN,530705A1
Zok Zok Heroes (Japan),CGB-BZHJ-JPN,C09F9E1B